booking_id,flight_id,passenger_id,booking_date,status,passport_number,emergency_contact_phone
B1000,AI192,P1591,2025-06-14 11:37:36.951,CANCELLED,59e7e7738c8711b2f49be2c355b25b9bd41b780392aa2151796e8b52aaa0a056,******5128
B1001,6F026,P1803,2025-11-02 11:37:36.951,CANCELLED,6a95f336b866dc4d580b61301c1a96016a5ec24e056b4062fcb7eb48c0e14578,******8662
B1002,SJ010,P1083,2025-08-25 11:37:36.951,CANCELLED,8d413701d70b517478f82789245fa033726307ec10b14c2c18fc6f6deb940931,******8220
B1003,AI069,P1364,2025-12-30 11:37:36.951,CONFIRMED,19c4a665e8bc1266b54aee9a9925f0d4179044fbc7be190242d1b89272a91bff,******6839
B1004,UK003,P1885,2025-10-02 11:37:36.951,PENDING,d9157c803314e083e13c0307a6e506c2beaa8c6e96140c318f3a5626acdbf658,******8266
B1005,AI048,P1548,2025-08-31 11:37:36.951,CONFIRMED,caabc2281b0da4c39b0a3b311e88f27b268a54a206f841d415910424688d7c97,******2726
B1006,AI140,P1341,2025-06-29 11:37:36.951,CANCELLED,819d0525b412722fb313faf87f81a43b74df29a993116bd79095a97e202b44a5,******7864
B1007,UK167,P1838,2026-03-12 11:37:36.951,CONFIRMED,481f342177d3cec469338517a9902c34973ae3e01e73170d054a2a22e8fed7a7,******5776
B1008,AI245,P1406,2025-09-07 11:37:36.951,PENDING,8c98a8c9d9ef366ea590a63c5fda7f9b38e3d7fd7cc2e1a664b318ac10d81116,******8807
B1009,SJ158,P1424,2025-04-28 11:37:36.951,CANCELLED,16d60fe92f5a58498240b07d1f06756c4004ccb8ac1a35e2805525d1a10f4bd5,******6278
B1010,AI155,P1743,2025-11-24 11:37:36.951,CONFIRMED,9b8bc958eb99de8fb7b16058960d026a06b3e7d596f3a18533a6dc3e4ff6331d,******9414
B1011,AI179,P1092,2025-10-25 11:37:36.951,CONFIRMED,2c38e171d27dcd125c6913f4d1c146a8da98219f63f72633e64e7bc3f19ef100,******6153
B1012,AI137,P1847,2025-08-15 11:37:36.951,PENDING,e6d22eaeb25269dd78b2086a7fbc88ea5604221f886dccec006c8c8cd13d8487,******6860
B1013,SJ001,P1613,2025-07-20 11:37:36.951,CONFIRMED,fab85083e9f77799da2810373757ab2bcaba789e60580d046078a73a50453c99,******6561
B1014,SJ172,P1411,2025-09-15 11:37:36.951,PENDING,ce79ecb116713ff5346d04d528e0b69c111ddb29f89f71c7489847f9def6277f,******9979
B1015,UK094,P1431,2025-10-21 11:37:36.951,UNKNOWN,e80647128945b84453cc832b9d012cca149f24816051350fa337a4774bb9f73b,******5012
B1016,UK027,P1677,2026-01-13 11:37:36.951,CANCELLED,45ac44b766f544618147856de9f9ccef98e3e4a1cba38f6935f57ff86e03e8ea,******0204
B1017,UK067,P1158,2026-04-04 11:37:36.951,CONFIRMED,f27605d14d86e057ee7d1bb667412de210b87865cc6b2b19d6cf9c9030fc6f52,******8257
B1018,6F196,P1013,2026-03-25 11:37:36.951,CANCELLED,f08afc002842ef6c16197f0905029ce91549bdec0d015e96e30190fc31969a97,******0106
B1019,6F164,P1372,2025-07-31 11:37:36.951,CANCELLED,451e03d407510f4369ae3ce78672045ebc6e9a3a6fdee26b568e98bb183b3930,******0835
B1020,SJ112,P1224,2025-12-06 11:37:36.951,CONFIRMED,548bb24f886551bdb139f2dd77f8d6f472d18d3fd99a207204fc30e6ad2c5a90,******6249
B1021,6F190,P1504,2025-12-07 11:37:36.951,CANCELLED,a81b91b550af858b5813b47037200dedd33d200c4448b11e296e408de35de8df,******0161
B1022,AI080,P1072,2026-03-25 11:37:36.951,CONFIRMED,d10b00994471367e9ef55092ad4fdad4c157e38636d7981e73d0271f0f4b9562,******7221
B1023,6F213,P1248,2026-02-03 11:37:36.951,PENDING,baf43ee0438d2412221049ea57b7cc8ae12e72fb43e4330b1dac75ca683c41b0,******9325
B1024,AI115,P1510,2025-06-21 11:37:36.951,PENDING,93992d112475cbf9a55b714ec62eeec9e22502e58494767bc38df2389738e843,******8072
B1025,SJ049,P1602,2026-03-18 11:37:36.951,PENDING,1012f26ddc18bc3edf4a8ec464d0c27061f88c4b6af0e1a474b1b4b7e1a1798c,******2966
B1026,AI058,P1215,2025-06-27 11:37:36.951,CONFIRMED,56b08f0dbe81e0fd17a2f4fcf51d07e3893bf17d4a3de4b43cf344fcd3932fae,******6345
B1027,UK036,P1972,2025-07-25 11:37:36.951,CONFIRMED,5739e14cea5a14e268d82ad903d9cafa002c471187ff90bfaf9eb056abc7e070,******0795
B1028,SJ239,P1601,2025-05-25 11:37:36.951,CANCELLED,807a50e4d654f4cea485c6ebd7274f050195fed06f879b3f975a2ea1102d1213,******0757
B1029,6F025,P1540,2025-06-06 11:37:36.951,CANCELLED,47899709761c35e8690311381c256b2ace1142579dbfbabbd5611fe4847d60b4,******4016
B1030,6F236,P1946,2026-03-18 11:37:36.951,CANCELLED,d307a6378262c7c97a0e60c8f2f05e982b98a6d02bf77945a704c32d11bcac24,******1429
B1031,AI060,P1816,2025-11-16 11:37:36.951,CANCELLED,62954bcb007746dbaec8db12bda3bb7a0172e448d87fb8570bf3aea1f29eb383,******3949
B1032,UK021,P1938,2025-09-03 11:37:36.951,CANCELLED,718575c7b7ffd0a23741e5ffd212fb012588f8db1b7b54f2e002d3792df04927,******8599
B1033,UK026,P1987,2025-05-06 11:37:36.951,UNKNOWN,a52d3cb89e597a683b8e4923f892a18b9cc227fa05208424f920f164b5149ef6,******4041
B1034,SJ179,P1219,2025-12-31 11:37:36.951,CONFIRMED,151e90282739e28aa3bcac20bd2620783b9466e601c1ebd3a504fdd82c37fab6,******0606
B1035,6F251,P1839,2025-08-21 11:37:36.951,PENDING,b20f5000d5f6615e42319e1f83503e20184791399b293b54e72a70c98fe7cccb,******1517
B1036,SJ149,P1726,2025-11-24 11:37:36.951,PENDING,138ba87501deb785f7f1ca7bf1f15783178fc5b5d828e5f569b9aa7c8bf32d58,******3647
B1037,AI188,P1220,2026-03-20 11:37:36.951,PENDING,f583dd86ac1ab40cb5a19a1a3361bb223d0bfe35d9aef8f50d06436cb0051cf2,******5418
B1038,SJ093,P1388,2026-01-01 11:37:36.951,PENDING,2269d969b6195ed518ce51572ce2699f9ff19ba2195a691dc4ecb3eb6a2b62b7,******6192
B1039,SJ205,P1553,2025-08-21 11:37:36.951,CONFIRMED,f29a77a8a97066be9719ce5f8afac04532cb302ae465eeaa9e72ad183d193d22,******9854
B1040,6F099,P1646,2025-08-08 11:37:36.951,CONFIRMED,bcd1bf6246a8cf6477aa216c1deb2f96288f371bb92207024ee28f4c3b5758e1,******5230
B1041,UK176,P1041,2025-05-28 11:37:36.951,CONFIRMED,86e67dbe9d95297aa5cdd7d7430bac23c7c85f7b1094844241d74ea65dd7c047,******6035
B1042,UK200,P1675,2025-12-02 11:37:36.951,CANCELLED,8e2d9b98b2af010a6674cd2be08b1dee592135a6d9f3e13e3d44518d1e531a12,******5890
B1043,6F195,P1872,2025-11-22 11:37:36.951,CANCELLED,af93a48a3274117cf67cda9e45fa3099ebf7c73e5d88b05f9e7bb825909489a8,******1388
B1044,6F174,P1282,2026-04-12 11:37:36.951,PENDING,16e174d0fb53c3ef2600c14f80d1b1dbc2b2ea88a664ec0d44404c7f2489a05a,******0954
B1045,SJ214,P1057,2026-03-19 11:37:36.951,UNKNOWN,fb7a1818d6acdfde779a7d20c0b6a295a36f4307df85ca80e7523565d13b1245,******3432
B1046,UK059,P1813,2025-10-14 11:37:36.951,CONFIRMED,ec8af10a02df2459541944cd23a5bc1c5aef5a9bc6b6bf4f0c9ebbcdbbecf36d,******1874
B1047,6F151,P1833,2025-12-29 11:37:36.951,PENDING,06fc223a46a46707a35e6a4569ecc688e8b1d80c03429bc85488c65cec015883,******4608
B1048,SJ236,P1536,2025-09-19 11:37:36.951,PENDING,8ca1865bfad8bc2ffa1453cd4ace62ef09e95e70ee7716c66e2aa2d21bdbb85c,******4278
B1049,SJ153,P1072,2025-07-28 11:37:36.951,CANCELLED,3da7675b6ee8e5571bc322267b654bd2caf1032cbce05858694bf247b3d08f2c,******3067
B1050,AI220,P1884,2026-01-15 11:37:36.951,PENDING,0d72266c43031d8075a9ca2122f0e9b2a82cdf0c31185daa56e2456ab262f4e9,******4482
B1051,6F028,P1922,2025-07-05 11:37:36.951,CANCELLED,720bfb736136a3f49714ae69486aa3516a34fca8fa71c12b03b2a9c1a7c44c4c,******6443
B1052,UK209,P1128,2025-12-30 11:37:36.951,CANCELLED,733cfebca1a82851626f27e20efa6e86b139c080846fc19239d822e20136f779,******6326
B1053,UK216,P1598,2026-04-01 11:37:36.951,PENDING,399a80b00d6a0a5806b1cefc245c3b406657819c79017d6d7fad319c09211dab,******5009
B1054,AI132,P1841,2026-04-11 11:37:36.951,CANCELLED,92064bfc79f8368f0179b8de82d8781456f621569b8d34f5014231604f2a3dc1,******8191
B1055,6F012,P1425,2025-10-14 11:37:36.951,CANCELLED,08dbe884a6f408988d6490a34f80a501df250aed0c238ee8e4d692b3b693d6ed,******7684
B1056,UK173,P1947,2026-03-24 11:37:36.951,CANCELLED,f380fadf17567f8778a48f283ec28410a2d8ef3c35823b648832eb4df71bf780,******6381
B1057,SJ047,P1664,2025-08-20 11:37:36.951,CANCELLED,a40b7e364b4f13f0557857ca6cc75203dc689c4fa8af12869370a73f5ee484a1,******4263
B1058,SJ043,P1693,2025-12-07 11:37:36.951,PENDING,f93fc5b8f41c836b896bf9d7b20c5ffc6bbf0f35a4f18571c04f350279b06663,******4081
B1059,UK140,P1124,2026-01-03 11:37:36.951,CONFIRMED,932065e04863f4c659e279065df5b3b5fc99642c2f6f90291f1326916fa126a7,******0433
B1060,6F086,P1066,2025-12-30 11:37:36.951,CONFIRMED,05f3d6b7a3517179f6b637c01087312a8eaae27562b862a9f26de0dd2bc6f683,******7113
B1061,6F114,P1005,2026-04-05 11:37:36.951,CANCELLED,0296cf4c371c103a8f75c9777a19d515d8f20157481c61d628027c01bba7d41b,******7530
B1062,UK153,P1636,2025-06-12 11:37:36.951,CANCELLED,cdfa84a9b9646477d516d38ebc6afa6d79aa71c4737459149388ccd94f0feca8,******7050
B1063,6F149,P1313,2025-05-19 11:37:36.951,CANCELLED,26fe229152e764c4f33a03c4ed954509e4866712a76e13c10746934acb1f2dcd,******0081
B1064,UK145,P1325,2025-09-14 11:37:36.951,CONFIRMED,da6bd392194e07308054e475433f6af7458f9e3a631aaeb15a6abcb45deeb01d,******2918
B1065,UK010,P1564,2026-03-06 11:37:36.951,CANCELLED,4b8e984326743f031008e8ac68017ce6cd5d936c14192a39ff48ec4a04d632fb,******8991
B1066,SJ003,P1577,2025-11-05 11:37:36.951,PENDING,3cb2c86e89a96e355b86d03374a383c704f3c626d6ee69c7516433df53760d87,******8025
B1067,SJ160,P1825,2025-07-23 11:37:36.951,PENDING,c25bf736040d96af978f325b73e2f2a38cd64416781667c401b9f6c4c1730ec7,******9825
B1068,UK224,P1505,2025-11-22 11:37:36.951,PENDING,4e6c0aada89e3523e1c4cd6c37eda829bbe01cb720cf505c725b4c686c471d84,******9882
B1069,UK152,P1081,2025-08-02 11:37:36.951,CONFIRMED,a62394e2c13ca2315ea394f03b587a3489bef477d9588ca0f4881b23ce4310c0,******6369
B1070,SJ034,P1598,2025-09-22 11:37:36.951,CANCELLED,460fb46958bd358e33d19bf2d0781731e88c4d4ff6bee3674d4da035a45b49a4,******3428
B1071,UK215,P1001,2025-12-21 11:37:36.951,CANCELLED,3908c87404af101bb95eb2af92c157053dca2b0c71fc115cb1f977dcd0b49320,******0870
B1072,UK089,P1203,2025-08-10 11:37:36.951,CANCELLED,829a5131166353efc36e4b1f9d3ca72ba4d24379164ba1fa6757e3bd9c2eb1c2,******2708
B1073,6F180,P1661,2025-12-04 11:37:36.951,CONFIRMED,2f3fda6f401627a4f10cdc01f10605473c1bb1c281f501912116a2d72e2ac3bc,******4571
B1074,6F188,P1804,2025-09-25 11:37:36.951,CONFIRMED,2b7e5c29878ccee9576d9888bbee5ee8f6fab614742d2f5c6c5bd8c80334f512,******6104
B1075,UK131,P1403,2026-01-03 11:37:36.951,CONFIRMED,5a8625975fd85a292cbd06dbc38d7d26e047e4ae096b728163dd891967ba07b5,******7796
B1076,UK055,P1102,2025-05-04 11:37:36.951,CONFIRMED,dab6677257e0df4d2575951ff59115be6d0dfa8437c7c2100529a7df0904e3e8,******9350
B1077,UK181,P1535,2025-05-03 11:37:36.951,PENDING,d6789f8b10569f0b1c1a0792e158d54a3618262807fed1ccbfe675bedf73d16f,******9292
B1078,6F077,P1367,2025-09-21 11:37:36.951,CONFIRMED,daeb52205df087feada170916b6244d00107ecd2266e588b7fb4eed40899c9f7,******0016
B1079,SJ085,P1211,2025-06-03 11:37:36.951,CONFIRMED,04dd042c1e1ab3ff68ba723e43e89deed7eaac83a5a09a6c50950f1ddfbd6ae6,******8019
B1080,SJ023,P1576,2025-06-05 11:37:36.951,CONFIRMED,ed6b7590cce5d1cf929d7e7a9dc8bf82120f7e9abdcc42f478669c79ef27d4b4,******0958
B1081,SJ202,P1960,2025-11-13 11:37:36.951,CANCELLED,fc5693cfa4ecd4c4169ae4146eb4cd50c46d977fcabd6fae936f04cb2c65dd6e,******8400
B1082,SJ150,P1208,2025-09-09 11:37:36.951,CANCELLED,8d8e07d18c560ccc64998306492c429138dcb592202f3528e8d15e3b0ae49d3e,******4669
B1083,SJ116,P1762,2025-05-12 11:37:36.951,CANCELLED,7692ebdaa67d0145af8800d55d19e4f5cc7b15fa640536b30e6fd05c6783fcd4,******4087
B1084,6F270,P1896,2025-06-14 11:37:36.951,PENDING,a73f4fb59b6adb795facf290c7ed40ee09e7b2e549c3801315fab3501284fe55,******8688
B1085,UK150,P1116,2026-03-24 11:37:36.951,PENDING,b5445c25a22ff18266161cffe871f660364a294ff5ad901e15961e3e920a0c8b,******9329
B1086,SJ237,P1627,2026-02-16 11:37:36.951,CONFIRMED,353ce93dac98d0e1fe3daea08524868a077864020801fe4fed7b873911e26bcd,******3483
B1087,AI221,P1748,2025-05-08 11:37:36.951,CANCELLED,b5b24442fce4fc3e4c47c334e5aafda02cad58497dd565ba95194ee25a76de21,******8674
B1088,SJ081,P1477,2026-03-25 11:37:36.951,PENDING,787ca2cc91810d7a593c9a3f8790425f9de3c537a5036212e39ed11d114f0712,******7433
B1089,UK189,P1104,2025-09-03 11:37:36.951,CANCELLED,9fe4832e466051710b143e91a6643907017d4554ae77e31fdd4147b57dcad8b0,******1422
B1090,SJ068,P1494,2025-05-16 11:37:36.951,PENDING,7839eaee1278bad25669ee52fa112e4613f33625938f198a2c7e5da28f65288a,******1775
B1091,6F043,P1770,2025-08-18 11:37:36.951,PENDING,dc742f97ecc693fb1c1711a3f47c48f970b04e254c884f5fc16b4200f8a8ef15,******1387
B1092,UK187,P1045,2026-03-18 11:37:36.951,CONFIRMED,eeefb195c43465650e41222d8ec02280cbfa2d906e7b9e21af76d5308ac9485e,******6973
B1093,UK074,P1822,2025-05-11 11:37:36.951,CONFIRMED,c6dfeae13ecd8e6996b85377bb6310f13e68dfd2cf3cb1d3e88fdcd90ba886b1,******0231
B1094,UK004,P1330,2026-01-07 11:37:36.951,PENDING,95c4cf1c17f97b6f005ab9388c5dbd699c0322a48599e6583859784d51fc5367,******7557
B1095,6F194,P1215,2025-07-30 11:37:36.951,CONFIRMED,3780979a5959ac4faa776a59f56c65b366f92e3d05c07fbe37b67c4b3074aa35,******2655
B1096,UK068,P1981,2026-01-03 11:37:36.951,PENDING,b80bb2ec148699cb0a5dc2f100eb3af521e99b0b5b32ceb4a78b26ce3c02df54,******8767
B1097,6F017,P1959,2025-08-26 11:37:36.951,UNKNOWN,f7e02a56d9f1abe890dbafe442a14b1660fc9b577d164ddf3ba99ce2b77fdffa,******9257
B1098,6F245,P1491,2025-10-15 11:37:36.951,UNKNOWN,fb89aebe8aba117049d91464dd47586b549d7d7f03aca0dd4f7b4390eebad7cc,******0675
B1099,6F254,P1812,2025-12-07 11:37:36.951,CONFIRMED,693da76722da27aea25f7aba4cebcb0690a886150638ba2eebbab7940d415d0f,******5408
B1100,UK077,P1921,2026-03-05 11:37:36.951,CONFIRMED,eb419af2876a17e8da966fc8cddd2979c490e492aa67c9e0ce32bb667be34bcc,******2423
B1101,AI029,P1844,2025-07-19 11:37:36.951,CONFIRMED,2b318a4903e34f1dc87206c36862559a5b0509e15db3d18b36ffa4e093f535ed,******0041
B1102,SJ196,P1448,2025-10-06 11:37:36.951,CANCELLED,3af30f986bc10fdfa6699726f4217395831090604b2908b3ebff7a84a9e2e1df,******7824
B1103,AI242,P1535,2025-08-08 11:37:36.951,CANCELLED,da51ed01fc777418bd54cbd22abb9679cbaefa928a792346da5bbbac7e4c90b2,******0195
B1104,AI242,P1510,2025-09-12 11:37:36.951,CANCELLED,c2b4835877d40b7a2f74add8237548e055a054b31dcfee5c65a727f549b8bfa7,******1992
B1105,SJ044,P1457,2025-09-11 11:37:36.951,CONFIRMED,1d3dac43b1594a125129d3589980032e017addb2af0d76cbcdb6970d3cffed4a,******2865
B1106,UK063,P1546,2025-09-01 11:37:36.951,CONFIRMED,60b7af71e1bbb27bcfa3e329467ab95b4f47075c13b129a2c7f77acdffd970b5,******7368
B1107,AI056,P1535,2025-05-19 11:37:36.951,CONFIRMED,6a1fb7f1be0bccc719128235c39490c426edc0e75bffc7ccedef555c58ef7fe3,******1339
B1108,UK207,P1539,2025-10-11 11:37:36.951,CANCELLED,324fbc9c9b6f4a77972f5f7155e1baf03209043f5b91233edb2ad37b8b76c2d4,******0049
B1109,UK166,P1483,2025-12-03 11:37:36.951,CANCELLED,320a00e4dcb1563612c50d8a3682de94cbfb905cbe279cc8f304278ac007eace,******1363
B1110,6F261,P1975,2025-12-17 11:37:36.951,PENDING,3f1988a5001b2e1bc8660720ab460f52b397a7dcdd1678cdfd6c28322a2d06c2,******8743
B1111,UK134,P1999,2025-12-25 11:37:36.951,CANCELLED,931436b7fc1d5cfffc56146a26515320beb07e248cee82efadb991d9f3a83c5e,******0327
B1112,6F152,P1015,2025-10-02 11:37:36.951,PENDING,549b6d9a573b2201670570152d6aaf9917953310122c1fd0f5f1b8136998daae,******0611
B1113,SJ089,P1570,2025-11-23 11:37:36.951,CONFIRMED,789f60f2609362220be53b346448ec96e5328b933250c83673c8127d067060f2,******3389
B1114,6F123,P1976,2025-09-26 11:37:36.951,CANCELLED,8dfedddcce75255575c53951ce274f62d6a5dfb6bba9f99cd1d497dda63f7a54,******8435
B1115,AI025,P1242,2025-08-23 11:37:36.951,CONFIRMED,26050249f05f3f74ae93aecaf8510fd8f754273786b36f388d7b6756c60f32f3,******1024
B1116,6F030,P1949,2025-12-05 11:37:36.951,CONFIRMED,89c9ea9c8f3c9e814c565ec654ca76141debb09154b451792001424a3669062b,******1177
B1117,SJ222,P1206,2025-09-02 11:37:36.951,CONFIRMED,872278f4b558af07da25e8c83ddb0b4f2b5d47e01ea7f86cf70f9e2ca2703e4a,******6273
B1118,UK109,P1911,2026-04-03 11:37:36.951,CONFIRMED,fc3df106b0b211795b8d39ff375b53dce925e9080ec53a4af57a0f4d733148b2,******2542
B1119,SJ117,P1270,2025-11-25 11:37:36.951,CANCELLED,11657afab1fb6dc9b513a3f42617d9e039ee25b915dad9f4a6ea448c16c90c2d,******5920
B1120,SJ142,P1760,2025-08-12 11:37:36.951,CONFIRMED,b84615456a996ebe5853dd99e9bbd2d5efa4e92e9c7b1906800e7687f7414715,******9377
B1121,SJ142,P1993,2025-06-01 11:37:36.951,PENDING,d6c9529c06c807cbd2b93128349d63a1ddc1158acaad1ad9e1fc2ff26388e1c7,******9980
B1122,AI030,P1778,2025-05-02 11:37:36.951,CANCELLED,14b099409634db76e54dd2740662d7fdf53e6ee427db166ef74d444e3fd8d123,******0459
B1123,6F097,P1704,2025-09-23 11:37:36.951,CONFIRMED,84b99269d7259fde4f6cc144fabcc29e82433a2ed4f5ca68aeffb158142f79bb,******3440
B1124,6F129,P1846,2025-05-23 11:37:36.951,CANCELLED,789b2151d973ab83196726feb632ac5789d32c504f0fe0cc23d232eee93c006b,******1753
B1125,6F181,P1729,2026-01-15 11:37:36.951,PENDING,a0cab12df09a40743a1fc7ce3ed9fb2a1e34ac04ffe01dd12371d254642e679d,******5564
B1126,AI072,P1114,2025-10-20 11:37:36.951,CONFIRMED,1662c7047ff4c2abcd8d6f075904881a62dcd6cfa8bf5029254e7c3dd6832489,******6718
B1127,SJ154,P1579,2025-06-29 11:37:36.951,PENDING,e8cfa1e951a826718bed6fba2eb04abaf6f73e9d871a8f955b3b3f2707306a09,******6141
B1128,AI031,P1298,2026-04-08 11:37:36.951,CONFIRMED,742f734c2767995416630cc08e1d30bf669cc7e129c65bdc006aadd0a9e78a0e,******9264
B1129,AI031,P1836,2025-09-18 11:37:36.951,PENDING,c410880c10b4e3fc7564b09a079906272d778905c35de2fea445a7588fb7724f,******4894
B1130,6F158,P1482,2025-12-26 11:37:36.951,CONFIRMED,f09c0a93b6e2e17f6d074be07ea4737344d3cc00dc7f0e25cb34d16c37f9e0e4,******1553
B1131,6F184,P1396,2025-06-16 11:37:36.951,CANCELLED,2b93216a02a743cebeffd49b6bc7e3fea828e5bdd95db47fffa084819d325ef7,******6703
B1132,UK141,P1393,2025-06-20 11:37:36.951,CONFIRMED,706954c03a671001c7fba577294209a25b6c020b641dd8fb2efeaf52e7ba92f4,******2875
B1133,6F168,P1074,2025-12-29 11:37:36.951,CANCELLED,d378f468ed0457718dd6adc6ce43a1e1d97ec4e93ffeac715a5c81c61ccee85f,******2496
B1134,6F051,P1977,2025-07-28 11:37:36.951,CONFIRMED,0a9256c654868404800f4c10c90b883a74f577a5d58aa5cc846c6698fa305cb0,******9254
B1135,6F047,P1481,2025-12-02 11:37:36.951,CONFIRMED,19675c77c0ce2ef17d8dbe293f974b9e9878b220f3e00a2dced8a1e7c7cfdccd,******6706
B1136,UK156,P1102,2025-10-26 11:37:36.951,PENDING,1a8e2ee9604dd7baf434702843922d7d093a7539b1b628a0986fd311763d1d39,******2968
B1137,AI094,P1296,2025-09-01 11:37:36.951,PENDING,3ffce22827c5a12c076c6e39d5512e0f37e323e1e3c80526292cb1a9f0db1ed0,******1393
B1138,AI038,P1177,2025-07-14 11:37:36.951,PENDING,d55b6e72cb263db97dc387952fd9715fc0d732c4f2ead83eda0eb6de44852f69,******1934
B1139,6F255,P1214,2026-01-19 11:37:36.951,CONFIRMED,bbae7556e98aab266b76d0ed93074d60e1157aa75fe7a0be96edcef35e1ad151,******2157
B1140,SJ025,P1966,2026-01-23 11:37:36.951,CONFIRMED,f8f7cdc9ecb48ca59a0a47659d7090a4dec094dc8f70ae76792ad3b3c4424b0a,******1700
B1141,SJ185,P1314,2025-10-28 11:37:36.951,CONFIRMED,49d97b1c4c7dc5b601c293d854421aa2372849e9e60dbb3a0ce0f1f085886468,******5455
B1142,6F259,P1038,2026-01-21 11:37:36.951,CANCELLED,fcde0e2b5da25ae6222d8984a093525203d8cb65521060a26d25984d886bba42,******4971
B1143,6F073,P1258,2026-04-07 11:37:36.951,CANCELLED,afdc34ca2d557c15ccea4f595211b06ba5aea4227c1c1e58ec171f60eb6cfa15,******9840
B1144,AI091,P1715,2025-09-26 11:37:36.951,CONFIRMED,7d87c96db5c0306d4222f2386deb1d02d31a0a7af1921c8ff502f31c8c1153b2,******7996
B1145,6F191,P1006,2025-08-23 11:37:36.951,PENDING,c42e261739311d312793d72db4aa9e2c888f3e72fe587c2ebd50382d863bfbf3,******6715
B1146,UK228,P1048,2025-08-30 11:37:36.951,PENDING,b7639e905434a697b08b0dd3937856bc2dedf1b077c32ff2c5756668827f5581,******8150
B1147,6F146,P1537,2026-03-25 11:37:36.951,PENDING,50a1a04ea43fe448fc8c2fc25bcbe1574063ef166b710e7c5c9f040538b4b599,******9430
B1148,6F068,P1160,2025-10-13 11:37:36.951,CONFIRMED,1824f7428d639b2813364e445436dedd9fcdae36a4f4b6236a9b5ecb9bd67f37,******0672
B1149,SJ218,P1868,2026-01-08 11:37:36.951,PENDING,1070d881d49cf2af367820fdfc0a701fef3825e11cf40852b0c33931378f52c2,******2528
B1150,UK083,P1175,2025-09-25 11:37:36.951,CONFIRMED,3b18d93f584be98b315591447e52842cbc96bb65475165c52d60b73be5f4a453,******2234
B1151,SJ007,P1590,2026-01-18 11:37:36.951,CANCELLED,14689b785bc985f0532befadaee10d858e5f410759b91bc61f46bb4a80bec0c6,******9085
B1152,AI077,P1001,2025-08-14 11:37:36.951,PENDING,9fbb2208f976683265b49c7e742f5ce3043bdb2b93f6f711ca080266af97058a,******8402
B1153,UK017,P1894,2025-12-20 11:37:36.951,CANCELLED,27fa8ad298e54db4d32b9a720396c0a605dafc7c85cb1df36c2cb9e571b585f6,******9050
B1154,6F229,P1454,2026-02-17 11:37:36.951,PENDING,3c315599a219a4238a63f57f70ce0ecc1e3a2837a9b094479575876402c7e0b3,******7005
B1155,6F074,P1927,2025-10-08 11:37:36.951,CONFIRMED,ab2ce452d61eed454d17f351dd066f2e8fd87705bdc14dfabd92740f770007c6,******5900
B1156,SJ088,P1643,2026-03-25 11:37:36.951,CONFIRMED,18105491da73b71e3b58f9eef13af92656c66ab882b94c03f3d265591c4ee9f4,******8235
B1157,SJ167,P1275,2025-06-28 11:37:36.951,CONFIRMED,d05f1dac37acdbb5bbbba2a6f923cb43bb571849a5acd831ac9765f96726fee7,******0380
B1158,6F234,P1497,2025-07-20 11:37:36.951,CONFIRMED,02e620d5c290a3973a601298568b6fac9d0b54195fa66d36239fbe832769df0e,******3787
B1159,UK071,P1628,2025-12-10 11:37:36.951,PENDING,37f83968179dbd01c8c89f7be02004ad23b8f340c09cb6db33eebf02ff651f20,******1686
B1160,AI178,P1675,2025-11-21 11:37:36.951,CANCELLED,f60d6ae35bcbee280b4cff2229c6adce3485684bfb6e4c0c24199828eedf76de,******5204
B1161,UK104,P1799,2025-11-14 11:37:36.951,CONFIRMED,704cb660916331780a62ebf82fb4b42443fb7a7e9f58766f5a2701b26882e382,******1674
B1162,AI146,P1027,2025-04-22 11:37:36.951,CANCELLED,7614e3e997090be59e36a917966f25b688fe14b638671237f36ed217ce8fc864,******9690
B1163,SJ235,P1332,2025-11-10 11:37:36.951,CANCELLED,c4d3ee9b910c5e48e3a17c0f495f1eeadb7925899a36633b28b7b65a63621a11,******2987
B1164,6F209,P1000,2025-04-24 11:37:36.951,CONFIRMED,fbd36eb2eaea50ed0e5863fca6b487802ade1eb478dd9919c77eed3a3c758223,******2471
B1165,AI129,P1187,2025-08-20 11:37:36.951,CANCELLED,7e1e2b1f17b8b4b57068ef1c98c58d068086b448c2fd9d1e8280472a6f331730,******2367
B1166,SJ141,P1055,2026-01-23 11:37:36.951,CONFIRMED,afd59be446e44c9a4e522bfbaaa8d523bab389aa0059e280f1820d599fa3eeb0,******7690
B1167,SJ018,P1546,2026-02-02 11:37:36.951,CANCELLED,25c9918012ccad8a3386a7166e4e66401571fae8ff949e2322ce8b2e090a195a,******6854
B1168,UK120,P1111,2025-10-14 11:37:36.951,CANCELLED,b2a4552d3e133305abe236cc941605a71e3705ac6264183724fd14221a09efeb,******3269
B1169,AI078,P1797,2025-11-15 11:37:36.951,CONFIRMED,ed1edafa73bc76f891088b2d9e70ddda8ce18a10c69c4c5a1b0892c6084d1a24,******7397
B1170,AI079,P1309,2025-09-14 11:37:36.951,PENDING,b89fef1bedb516d1e80082fd5e7ed0797e74168ed7a3341750db3498b4637b4e,******4039
B1171,UK087,P1035,2025-09-19 11:37:36.951,CANCELLED,5587d350cca62364308403b46323688c7ff3a9051b2c90c1f4a05acab620d65f,******5830
B1172,UK133,P1438,2026-01-17 11:37:36.951,CONFIRMED,c4cd72969b5315c5d119557109775cc6fbd411dc34a29bda0f7174e981fe2ed3,******9600
B1173,AI222,P1728,2025-06-01 11:37:36.951,CANCELLED,2826a2e130e92edeb0bf8b4e98da6c75b987e022b74e670c5fae9d5affaf3044,******0197
B1174,6F049,P1591,2026-04-12 11:37:36.951,CANCELLED,29e92ad39b5d6a5cf51948e1b57fe41074ecc0d65935624f7105e39f154db768,******4287
B1175,6F105,P1825,2026-01-29 11:37:36.951,PENDING,466c0cb9c65667489de2ed27cbfad00f77dcca37315db91e7d1797018c8015d3,******0363
B1176,SJ226,P1594,2025-04-17 11:37:36.951,CANCELLED,25b0176f8e2de949f4e17ebf1bbe2e6e1c61da8fe1212e880fa6a46da33e72ad,******7327
B1177,SJ227,P1576,2025-07-29 11:37:36.951,CANCELLED,1faa946c34da555ba823e261f3cba33578d947a9f17e966ef0889e3cbbdf8c89,******0863
B1178,6F034,P1324,2026-02-05 11:37:36.951,CONFIRMED,0e2f11d40ecb3e76d3a30cb8174630196db9fa74b29d965c3c8ef71b6e435a70,******2098
B1179,SJ078,P1639,2025-10-03 11:37:36.951,CONFIRMED,70e7a5fb17d65d4fb88119cc1c6da0833d2cb160b6b1e78bda5c91285567fd66,******5466
B1180,AI240,P1306,2026-04-10 11:37:36.951,PENDING,a64c6645c82fe4ffc23ec6ea7c130e8367d6bd70ecd25f18b56ece385196170e,******9558
B1181,SJ002,P1533,2026-03-29 11:37:36.951,CANCELLED,77e39000ffec842565748bc0508ebb84d541dc0722f76377dd6bde1b643994db,******9169
B1182,AI044,P1727,2025-08-11 11:37:36.951,CANCELLED,4b02215cb1568771014a68abffbcd6ec51fe62d69e4298f13f6527b168e8faa6,******4521
B1183,UK076,P1618,2025-06-22 11:37:36.951,CANCELLED,86829e1ac6a1acf36d7da0fd603c944f246c12f0f24d15eff3f3fe36cfd572f4,******8652
B1184,6F232,P1108,2025-08-01 11:37:36.951,PENDING,62190f4d1de67f08bf3ff0998afd6f4621df5a0e70262d6aafac5cd78318e105,******6490
B1185,SJ228,P1371,2025-08-16 11:37:36.951,CANCELLED,287a4af8dd539be3c956e8e81df69800906e485061ff034901f29aaacc2faaec,******6542
B1186,SJ074,P1356,2026-04-04 11:37:36.951,CONFIRMED,d05484ef6ee594fd089629328a74779f1792600441d472b34cb8c2c77ce1debe,******4213
B1187,UK229,P1180,2025-08-04 11:37:36.951,PENDING,e41475699a6d3c201ad9db963898e75e8fbd8213261b8c894406d9c6e94c7e78,******5908
B1188,AI208,P1355,2026-04-04 11:37:36.951,CONFIRMED,7a099f39ae7927f371494f99bfb4b5fcb2bf45de0b3224616ecb26e74db6675a,******9782
B1189,AI019,P1675,2025-11-23 11:37:36.951,CONFIRMED,1e0b58e9054391e824729c00bd9a72ed93c6016a23b0072fbd154e99ee2f65a2,******8556
B1190,6F029,P1067,2025-05-23 11:37:36.951,PENDING,fb4608a3ca51111db2f3dcfb274b8330443f1146ecbc7da52f6b4eea2896fb78,******1523
B1191,6F018,P1291,2025-04-27 11:37:36.951,CONFIRMED,667823d76db39ff394497f42abbbda47df86d5f594f022706be101b6cda79e54,******2358
B1192,AI059,P1691,2025-06-23 11:37:36.951,CANCELLED,6fc5ff2593b645cd9d045c7fc5f7d08cab180cd780a34ee4b0520d666f14cd9c,******5924
B1193,AI159,P1180,2025-05-22 11:37:36.951,PENDING,afa5b00ae8c19c0b068862b335350ef61024325ff0b31108358e43d01852aa0b,******0978
B1194,6F091,P1465,2025-07-11 11:37:36.951,CONFIRMED,21772342d60b2d2012e4b6962542c080e1ca1487037d6b8239896ed6cb6b76c3,******6626
B1195,6F084,P1433,2025-07-20 11:37:36.951,CANCELLED,7a5de755198c824b76ea8202754ee9c71c41497cb1622c9709856ffcc2c531e9,******6166
B1196,UK170,P1463,2026-01-15 11:37:36.951,CANCELLED,410a1643c227b32811dc1f1054358bb88c2f6a08f88628e7abb23199a9c11964,******4596
B1197,UK212,P1680,2025-05-19 11:37:36.951,CONFIRMED,b4308a23ef27362101f51341aeca9c05d744a1b4da95a3b8c228ec1a5108bb39,******7338
B1198,SJ022,P1913,2025-06-16 11:37:36.951,CANCELLED,e443111bff25ce9e1730151bb67a108c4270ef5a155aa4970a4253ed7c3ef7be,******2983
B1199,SJ075,P1533,2025-12-13 11:37:36.951,PENDING,e44d23e29f0e31c6ae6853ad5afc49a40854067ae095e5b2893409474990366b,******7632
B1200,UK177,P1065,2025-09-17 11:37:36.951,CONFIRMED,d5b06c9879e936525d55e9d22dd1e877f5ae1cd005dce516184b8a85d1cf10b3,******8921
B1201,UK206,P1020,2026-02-01 11:37:36.951,CANCELLED,3e29f2cb2f8234e9a7756ff746a2123fb275da166d8c30cd10af66676551361e,******4055
B1202,UK079,P1611,2025-04-29 11:37:36.951,CANCELLED,69fda9e79160beb599b6b5c9715e63fe520f6ee51068c37a6a40169c60e40e31,******6263
B1203,UK040,P1383,2025-06-21 11:37:36.951,CONFIRMED,0a16a9bbb8a5b9ee36598ca89c4cd865d579b853dcfdd46a5bee787bf3b038ed,******0009
B1204,AI034,P1811,2025-07-25 11:37:36.951,CONFIRMED,814d6c12e4912cffb6a2df504af504a16c6f9de1434f921402e798e7b56717ff,******2075
B1205,UK034,P1614,2025-10-18 11:37:36.951,CONFIRMED,ee04af9da49bffa256b08ef986c1d0b2af336bd8323613a185905965f9b898c7,******4339
B1206,AI088,P1558,2025-07-02 11:37:36.951,CONFIRMED,92b485c38fbce3d1a40af3b43d935b3b727791be8875f8e28cacc868d0aad180,******2395
B1207,AI128,P1038,2025-06-11 11:37:36.951,PENDING,469b6ab25310994bf9eb7db6513f5f6d565bddd4dd41830fa75da066a1966a5c,******6415
B1208,SJ052,P1284,2025-07-22 11:37:36.951,CANCELLED,95582300eb4865acd045e42dcbb693cc823d40303b6cd1c0a55f441b75b79acd,******2858
B1209,AI233,P1821,2025-12-15 11:37:36.951,PENDING,d4b8065ae6c579acd7c338d72e51095dd9715a3f625eb019d57072ac1e28a3e1,******6064
B1210,AI012,P1601,2026-01-20 11:37:36.951,PENDING,4c431f72d5d04d2f7eb54b9bcfd055d7a838af448282727ad5f98a15a7bf9bd8,******4358
B1211,AI084,P1596,2025-07-07 11:37:36.951,CONFIRMED,023ae20162c2f3178bd4afd815c1f6538d442639481ec353e661efa23d9a8066,******5378
B1212,6F126,P1784,2025-07-08 11:37:36.951,PENDING,3af066e17c571ac5b0bfece9ea56058e0524ed72ad0ba644da1b790c696e6716,******6819
B1213,SJ061,P1335,2025-06-16 11:37:36.951,CONFIRMED,6de19bcd15edd069bf30647a26e17387ce2b95d756451c3a86d97c0f59593e54,******1107
B1214,UK194,P1187,2025-08-14 11:37:36.951,UNKNOWN,c88d65fea3680e5f9d1f71ed7ed3d9f186af7c4cfedadf768ea8c93a57f2c25f,******9571
B1215,AI135,P1670,2025-08-08 11:37:36.951,CANCELLED,a4ccb4cebf51d991d78c8cf77077e243f5155e04690a07d20d8b8b3c6c1d09ae,******3317
B1216,6F238,P1242,2025-12-09 11:37:36.951,CONFIRMED,9e7c2e3450410e8a398b07b4ab3cd22eb4a90d3c7f309250034def2619afce0d,******5129
B1217,6F092,P1072,2026-03-19 11:37:36.951,CANCELLED,6dc3d57d8ab76aa9d73c5f9badbce0d740d7308ab94ec1c650c31d41547f0b33,******8927
B1218,AI213,P1478,2025-11-13 11:37:36.951,PENDING,f1b8efb28ccf874abcceafa0c060b1597785842c7a2da8e94f1b35b149a1da81,******3132
B1219,UK193,P1973,2026-02-15 11:37:36.951,CANCELLED,e6f7c7df80fc633fa4ac30338eff62f929800f2643569257433955042331a89f,******0964
B1220,6F178,P1560,2026-04-04 11:37:36.951,PENDING,2a111245db330168e7329b3680eda2702026242b1d14da346a34b2292688f555,******2559
B1221,AI158,P1100,2026-03-06 11:37:36.951,CONFIRMED,43dd69fe388e42171af5ac09ef66076abd3c2e1cad609508618bc88ed4902104,******5218
B1222,UK208,P1513,2026-03-30 11:37:36.951,PENDING,b36b5e62db340ae2441a54ace93d3fb457e313ef26b5f4f1db594ea6912ab2cd,******5907
B1223,6F056,P1755,2026-04-09 11:37:36.951,UNKNOWN,102bf3cf727cb98767a5fd7b0a2795fb68b856bfe71a490945a40be3d72f0134,******4660
B1224,UK185,P1175,2025-10-26 11:37:36.951,CONFIRMED,52bb409870cf2f6bd7eeab38acdd21f5ba9684edbf010194a59e84f28bc5802d,******9317
B1225,AI163,P1237,2026-01-13 11:37:36.951,PENDING,6c2608bc4b6a8e04f0ba56e37e4d68cd55501b8b2ce1161d64b39ec8019b6b96,******1229
B1226,AI112,P1909,2025-08-23 11:37:36.951,CONFIRMED,7c9b8796ace1872c7799723a905197a51d319c92391649ae6457f017208fbe45,******3124
B1227,AI227,P1058,2025-10-23 11:37:36.951,CANCELLED,53d5b02c4ececebc0679f0567c73dc3ceb5871e6097d281812cc3fb18698caa4,******8218
B1228,SJ083,P1864,2026-04-17 11:37:36.951,CONFIRMED,5cea9f976a13567d82650e259a45fe934c19447efee2dc6a69b5f0ab77cc26b3,******2235
B1229,UK073,P1098,2026-02-07 11:37:36.951,CONFIRMED,e7d8dac664c7741b9af68ab674ae2bde534a8e5d4effcd52866422b42d8eab7b,******1227
B1230,6F169,P1953,2025-04-29 11:37:36.951,PENDING,c07e950faded43375baf567f1e65af499ac3566a42c06d8daaa40dbec2432a46,******2051
B1231,UK154,P1870,2026-04-06 11:37:36.951,CANCELLED,56faa0947b399988d74a3593596fbf7402db998ca43e14fd6831bad1cb659498,******5590
B1232,SJ169,P1953,2025-10-06 11:37:36.951,CONFIRMED,01707546bff7edec03c00172018ff1957511e12f110ca6db1d04aa8adb589f2a,******1252
B1233,6F187,P1494,2025-05-13 11:37:36.951,CANCELLED,bb896c0cbe48a46d20eb8be711a12e37cef6612cf4602106e44c0cc7eda92858,******9119
B1234,UK210,P1946,2025-11-21 11:37:36.951,CANCELLED,39097a96fd52f1ab575064b84aea1a1cf7d1f292f1a1f0a78a3ff315753ac594,******4349
B1235,6F250,P1979,2025-12-23 11:37:36.951,PENDING,6cb9395cb1c9c17e4f07ec2f249cc94a53e00817798604d12edabe92ffe2ae51,******0345
B1236,AI062,P1513,2025-07-05 11:37:36.951,CONFIRMED,271679179d225d9003b9302fdba69f47c23566780d5e4f906ea5203eb24d005e,******2732
B1237,AI047,P1754,2025-11-16 11:37:36.951,UNKNOWN,121b9f591e6061df87f87d4d26b0ad0cccc70d64b7807a15ac348256b4da8d3c,******1042
B1238,SJ186,P1296,2025-10-20 11:37:36.951,UNKNOWN,ad635b7764298da4a1ba1517a21fe4c375f57ac073e34ff7e32a508c29f6a51f,******4048
B1239,AI217,P1210,2025-11-17 11:37:36.951,CANCELLED,bfcfa5d90de2ed500ae6db328dbf58f7f9eeeca47def190af8fcb2f37471d9ce,******8284
B1240,UK100,P1122,2025-12-31 11:37:36.951,CONFIRMED,cba42f3eeb784d654c1b82b776ab102f87a52844746981a5aa8b795658b60481,******5606
B1241,UK116,P1228,2025-12-16 11:37:36.951,CONFIRMED,3908b31871d0dc99ce6c5c6f9400b196be23f1b17da44490dce921d0e5c19530,******1868
B1242,6F036,P1593,2025-12-01 11:37:36.951,CANCELLED,35124f879d9bdc9c7bd6151647e05e93c1e68285744adc7d56ac67bf6490e180,******3494
B1243,AI175,P1655,2026-01-22 11:37:36.951,CANCELLED,f01fed20d615bfb1395af50e6501d30d5cd0f5c31654a5bfb892674c9ab720ba,******2271
B1244,UK051,P1387,2025-08-18 11:37:36.951,CONFIRMED,a096da9604312585bae2f16bbe292163cc231001d4421ea0cea2460cbd47a7a5,******5439
B1245,6F201,P1139,2026-04-17 11:37:36.951,UNKNOWN,158444325e6a5961f2b246310e9967f157aed4d5f6f173c85ec59324eaeab8ca,******9724
B1246,6F230,P1540,2026-04-09 11:37:36.951,CONFIRMED,0da0daebff36ffa79c7e6d9d18e839fa46452b26d7320921cccc19ce880ae953,******7156
B1247,SJ138,P1390,2025-08-13 11:37:36.951,CANCELLED,29e7e007c93225f8a5e240d0f8789e31feb99b80da4984f106dc3f9120f385e1,******4867
B1248,AI246,P1269,2026-03-04 11:37:36.951,PENDING,983f6a394bfa18dcd892074686c0d0998d7359181eec8494c72a92c740c5eb48,******8805
B1249,6F179,P1758,2025-06-06 11:37:36.951,CANCELLED,48fd39716a1b09b8013a46ceee6df87753fe3f7cd028a2fc90ffbe4e1a3db18a,******3294
B1250,6F031,P1011,2026-01-28 11:37:36.951,CANCELLED,b05acaaa26ffe2cfd7f1540caa0b6cdd669041bcf7a9f7627542d2d867b18fbd,******9472
B1251,UK015,P1866,2025-08-30 11:37:36.951,PENDING,ad3874deb14adcb7c55ed1ad0275141741910c25688c46c97e917ec4ba13363d,******0000
B1252,UK001,P1388,2025-04-21 11:37:36.951,CANCELLED,72295d408d5005a6471d7caa3ffddf7d7edc3a2e630f954b96b54754cfebe6f8,******8619
B1253,6F133,P1336,2026-02-27 11:37:36.951,CANCELLED,ea593d2c3b9d9ab76a4a702e2105a747d3f773561532472e36e3624ba948299f,******2911
B1254,6F143,P1505,2025-07-22 11:37:36.951,CANCELLED,47682f6856f8cd6f968a693fc5b4f7174f44f40b7efa11d9c3525e9edd080630,******7840
B1255,UK165,P1105,2025-09-22 11:37:36.951,CANCELLED,219bef4831f829eba13ef950bb31040d50925853855124b6e147fdeaff799216,******1946
B1256,6F083,P1031,2025-08-10 11:37:36.951,CANCELLED,48493a1e456195504efc37245c15adf5e014422138e19c6a152b175b89eae6e8,******0072
B1257,AI082,P1073,2025-08-19 11:37:36.951,CANCELLED,b9d993e38146c100a794784374ec2e297cb1fb852088bf82b1e08c3f4743f23c,******7961
B1258,AI164,P1170,2025-10-28 11:37:36.951,CANCELLED,d42f09f610f9243a5d615f5ae0bc93909893393f65af728b03bb56c0d655891a,******9118
B1259,SJ155,P1848,2026-01-19 11:37:36.951,CANCELLED,4b77e15ca9a67f1445ad49750ca3e95e4f953556307d6a8d2b3f2d0bc4e30c70,******8041
B1260,AI189,P1068,2026-01-04 11:37:36.951,CANCELLED,4523ef270407c19e4f086d29234321e612e68c190279f639f1bc790d54d08b88,******9063
B1261,SJ057,P1812,2025-12-21 11:37:36.951,CONFIRMED,8b12b9b6c47a74bc099d5cab1ebfa24bb47dc6dbe718b757ec605d61bb733c95,******0909
B1262,SJ198,P1361,2025-05-07 11:37:36.951,CONFIRMED,93b683f45f63e7161753160421b56aa7818051e3b9e39b57e6491af9e3694512,******8944
B1263,6F122,P1648,2026-01-03 11:37:36.951,CANCELLED,363b9fb8fce1194f32f7ea4f43e23e713f3724b8f21ec8408afde36934413c25,******8359
B1264,SJ097,P1432,2026-04-15 11:37:36.951,CONFIRMED,d2eaa1f0d671e6fe921ad536c4ac241d35c79cd91442d83e8012f0dc3d9402cb,******0179
B1265,UK203,P1928,2025-08-06 11:37:36.951,PENDING,9042ffc6235420bc16844f9582e7d5fdc82f072ba166f1db543ce1b1c8521315,******3723
B1266,UK093,P1995,2026-01-16 11:37:36.951,CONFIRMED,73908b01d924b10c68b3844ae60834c81ea6cb86ca144d7cad49b075d3f4c45b,******3106
B1267,AI205,P1099,2025-05-21 11:37:36.951,CANCELLED,eb44b7a5311fd8e71596b4925d7e6fbc8df8a35a38634283e5f8d904b1699a60,******0019
B1268,AI102,P1657,2026-01-16 11:37:36.951,CANCELLED,3cff8374d208d71751698ccb6dc8b34774088e29be8970311727463ad5ef5538,******7177
B1269,6F046,P1008,2025-09-06 11:37:36.951,CONFIRMED,8739a392d975ad68d40e3505b336a8ecac430bc2aed3b5b6348321f6de0d3703,******0807
B1270,SJ017,P1573,2025-06-02 11:37:36.951,UNKNOWN,5cfcbbb44314e2ad5a8778bdb200f9fb146db654372473549fb07012ee96d3cd,******2228
B1271,6F156,P1696,2025-10-20 11:37:36.951,PENDING,d8ba4d5d252f7b48c9bd83043b496aeaac83a708891e7ebdf750da7ddc68d280,******3662
B1272,AI068,P1028,2025-07-18 11:37:36.951,PENDING,640500d978ddaa98d31fb112c1563d1f47258c81e6d0d7a162ac0537fecdd92e,******8311
B1273,AI150,P1892,2025-06-05 11:37:36.951,UNKNOWN,069b2c7abe450ba5f6ba863da4de7bb0be1c05c94659d3fdafc3737d63063116,******6375
B1274,UK008,P1113,2025-10-15 11:37:36.951,PENDING,df9df1cea85fc191751add8bf025303f021ea73c73043298127f23ad838899e5,******3571
B1275,6F166,P1461,2025-07-11 11:37:36.951,PENDING,d7881e02ec5c14d4da7f2f97908c12ffbf840118b6daed488ed58ba998da7649,******6536
B1276,6F177,P1920,2025-07-15 11:37:36.951,CONFIRMED,00e170dec3f39461ba6e53903b1a87e14b35bb0045d7c7ee93433766342ea30c,******9840
B1277,AI196,P1142,2026-01-19 11:37:36.951,PENDING,142f5cb76d1edde195fade290aba8156708b312316962f5d0a3e56055eeb8f84,******6223
B1278,SJ191,P1389,2025-08-09 11:37:36.951,CONFIRMED,0003f77c12cdd762db1e56e7388f6e55d4f470dde0fd0fff165f6a225af5a1d8,******3565
B1279,6F019,P1631,2025-05-10 11:37:36.951,UNKNOWN,4190b8c35d5ceac4714eb7bccae04e43d3117777859b9a066afa24d4ab7a358b,******4052
B1280,AI226,P1681,2026-04-12 11:37:36.951,CONFIRMED,217ef94d41a61ab6813b69152cfbd41bc74aa4cc0f5b43bf31084b9f90a8aae0,******9514
B1281,SJ207,P1156,2026-01-21 11:37:36.951,CANCELLED,348a1a78e838501bc087d402690b132808681aa324a4061ba1ad587aa40a0dd4,******9374
B1282,AI009,P1334,2025-12-30 11:37:36.951,CANCELLED,d81e45c4922a75eafd7cccd66cf3090d7395e6f2428eba05c09fa39f4d4db8c3,******2151
B1283,AI103,P1860,2025-05-08 11:37:36.951,CANCELLED,9ab4808a0aee5a554d381ff56321cbe1de32ec0d2bdb07d711686286906705a0,******7808
B1284,SJ127,P1259,2026-02-22 11:37:36.951,CANCELLED,d6f10f5ff45f64005c91a2e9d84f106266c47ff2cc49ee2dad080dec2fd6ed92,******0070
B1285,UK188,P1081,2026-03-26 11:37:36.951,CANCELLED,1b57d26efecdc40edf4402903798fb8de4dd784962f81b55d7a5e48c0844f02e,******8913
B1286,6F010,P1753,2025-09-25 11:37:36.951,CANCELLED,59f5bf71fe37d7561f05eb4b1a9af6972df9e68eec49fa180acea12cfe16281d,******3362
B1287,SJ098,P1440,2025-12-13 11:37:36.951,CANCELLED,665cda5ea3706bcc0ca32c7d2959902df3591c2456a0ff3e6ae508fec1030cf5,******7930
B1288,6F058,P1944,2025-12-11 11:37:36.951,PENDING,0a453657a8991145cbe32f1f76df08a0570cd50e031b17bc2b44db73088651e9,******4865
B1289,SJ030,P1171,2026-03-23 11:37:36.951,PENDING,912e5deff48e328c894dab139ca72303380d8f75d8abc97c7ea9ab4a724ad764,******7017
B1290,UK175,P1230,2025-07-26 11:37:36.951,CANCELLED,959dbab753b9827301f1f2199c20e783c7bc6b510be6fe3ba0958148ad357305,******9769
B1291,SJ108,P1719,2026-04-01 11:37:36.951,PENDING,b64d80e52b6b05a4821654bf5a15b4a93a383119bf62b33e4f092198d3f2e4c2,******7572
B1292,6F075,P1074,2025-08-03 11:37:36.951,CONFIRMED,ef61e9a15b7fa058cdcb16caf7ab9720db6601182780d4a470deaa62dfd33d02,******3679
B1293,UK222,P1269,2025-08-31 11:37:36.951,CONFIRMED,aa7a8ba3800b824b2eb32963e014c1d07ca3ed3bb053694f00c0346839f9afc8,******6545
B1294,6F250,P1898,2025-07-13 11:37:36.951,CANCELLED,5c1be3340e3e09ae37d729d39d179c6c77d6eb2cfdbcc79fa1c817116bb960f8,******9502
B1295,AI096,P1625,2025-12-29 11:37:36.951,CANCELLED,0c9373278df71e25bf24ca7c6fd8aa868a1ccd4a6329eff914ab1a0ff2ed3c0c,******2053
B1296,AI216,P1061,2025-12-23 11:37:36.951,CANCELLED,691c9626fab47ae57ab071d8836c3b5a4a7af7aa16dbd9a3fda00141fcaca533,******7733
B1297,6F193,P1873,2026-01-23 11:37:36.951,PENDING,a7e1c411aee0eef48fe48259fe764e4575082ba99893ff74767304d64e620479,******8361
B1298,SJ194,P1319,2026-01-02 11:37:36.951,PENDING,f5d1b416901ecc2a9cdb5e41a18fcda3ee8437851598045b096bfbe27b9b0960,******2809
B1299,SJ020,P1101,2025-09-11 11:37:36.951,CONFIRMED,9f205c3059639765c686d642af0473c9001920ac1a10ca06540adcc82316106c,******3217
B1300,6F070,P1428,2025-06-14 11:37:36.951,PENDING,4437ed6e1810562f1a485ad92f698682f821d62d6043b85e437cd2282f90f5e2,******3521
B1301,AI051,P1873,2025-09-03 11:37:36.951,CONFIRMED,71fc6b978e64cb415c70d1f09318dfa5c0b84000abbd268c193bd4a0e84dbfef,******4069
B1302,UK219,P1721,2025-12-27 11:37:36.951,PENDING,9d5ca609c2e118896874c0c7e485fe65402a293b9d0fb96d90373167bdd925db,******4089
B1303,AI235,P1953,2025-12-13 11:37:36.951,CONFIRMED,7ed0701a6a9964e4905cd1f4a5aaca561163bfb34a90732f52fa37c55867e48e,******9768
B1304,6F022,P1254,2025-12-13 11:37:36.951,CANCELLED,d24807292258b02955c494b16a77288609e896f2fcd4234b34d83792de4a2abf,******1700
B1305,SJ114,P1531,2025-09-28 11:37:36.951,PENDING,49ba46c5e75f0440225e3c35ed0823e9274a56a9f43842994b566dde445a8538,******9203
B1306,SJ076,P1569,2025-12-01 11:37:36.951,CONFIRMED,9b40efdd02edca7473aeb886cba65ea6c74fdb2aa98b60f806a7f3228783e7ab,******1450
B1307,UK227,P1111,2026-01-26 11:37:36.951,PENDING,51c9538f633e0462ab84a7ea98c14e614540d1630ae6d2df61a0acde5151bcc6,******2614
B1308,UK135,P1984,2025-07-22 11:37:36.951,CANCELLED,497a0fa9fba2d1280cfd2f12fad59b7eb54d3afbc35d5a64bc3ed8b7aef3af7d,******2287
B1309,AI234,P1312,2025-05-06 11:37:36.951,CONFIRMED,e43563330de40c32ef1c68480d5ee3251c5c9779ca1e8928a7b73db04744be15,******2677
B1310,6F113,P1997,2025-08-20 11:37:36.951,PENDING,d73e460424314a38bc3d9e1ba275bba74adee5f58c8deab42c832668a923a90f,******3222
B1311,SJ206,P1460,2025-11-16 11:37:36.951,PENDING,24a2dd5953d1fa34355527aeb0dd35d470d1060340cab5f2971e3030ef9f0439,******4288
B1312,AI015,P1707,2026-03-29 11:37:36.951,UNKNOWN,c4d086169a7507466fa9a0170c1ef43a998d39e8bc6fa17768c7bf6cf40a8d9d,******0241
B1313,6F260,P1886,2025-05-16 11:37:36.951,CANCELLED,38525d5c1f8ae9daa42012c12652dcdf4d63630a0d58eba63bc665b7a221160f,******9760
B1314,AI061,P1461,2025-04-28 11:37:36.951,CONFIRMED,cdb6154d11533ac954c23a4d154796979cc4a5b7d60f91520abc6f594fba8d88,******8284
B1315,6F237,P1864,2026-03-26 11:37:36.951,PENDING,20f9a1e0516eaf24a765a21919da90f20aad47b46ace74e6d5be7b7da9415a4c,******7462
B1316,SJ099,P1091,2026-01-06 11:37:36.951,PENDING,67689abdb8d7f1671df44d1c1b2335d3702407f3630fca8e1a76cdb3bf7b81db,******2068
B1317,SJ146,P1051,2026-02-24 11:37:36.951,CANCELLED,b47a852f240a516728aaaeb14873a2927205700d95c4da048247e39dd0f1cc34,******9773
B1318,SJ146,P1804,2025-05-23 11:37:36.951,CANCELLED,15967d729aecdf5d62e44a8158776aa5f8ecf737f558e9b1d19e37c85d2c2c46,******7023
B1319,6F071,P1519,2025-05-04 11:37:36.951,CONFIRMED,2f8d45159232b3190193d9f908f3dd5d182bb4dbb58182ee12406e500b62870f,******1758
B1320,6F272,P1811,2025-08-13 11:37:36.951,PENDING,2c9c503922f39989c14c6d5f58d6e6a826b54e57ab22c8a9331993a883824896,******1202
B1321,SJ029,P1097,2026-02-12 11:37:36.951,PENDING,6d2700a38d548513d5d0ca91e1ac682b174cb085fb3680f46139fd0b9613d58c,******1866
B1322,UK084,P1235,2025-07-27 11:37:36.951,CONFIRMED,e6f8b77cf283486d859b3a72e376eeee65d0064cdad2a37f79bc70267f948c60,******0643
B1323,SJ048,P1900,2026-02-06 11:37:36.951,CONFIRMED,1d2dd6c7e3ab38d00785c31ae05386bbb6605995875102adcc8a371c6cf869f1,******2487
B1324,AI108,P1373,2026-02-04 11:37:36.951,CANCELLED,ff1d9f0c94ac5410586489c3245eea7af7455e922e25679dcc50c44067c3a244,******4040
B1325,SJ134,P1580,2025-08-11 11:37:36.951,CANCELLED,b257d1364fcf468633589cde9eb81fe6276764a57e545f89722fac49db4f5333,******9747
B1326,UK146,P1926,2025-10-31 11:37:36.951,CONFIRMED,4928a4597bf9ff72a5a3fa88ff2423bb7075bc093b51575a755d0186168290ed,******8283
B1327,SJ036,P1556,2025-09-24 11:37:36.951,CONFIRMED,24e7d2bed5401e51e8ebe2749da434a80e5164ab1c118de30d712d266fa16b5e,******7662
B1328,6F202,P1648,2025-11-01 11:37:36.951,PENDING,fbcc49740bee69b724038cfb0b5597ccb0b82ec9ead2b16720bd6009754116ac,******9958
B1329,UK041,P1233,2026-02-13 11:37:36.951,CONFIRMED,04c2df7e3055c5ddab5a0ad2b02c6a0ecb3436439ef25ae6cb6ea152d8e6b1e4,******9243
B1330,6F078,P1031,2025-12-06 11:37:36.951,CONFIRMED,7c74a634ab87bfc462069759fb332a5e466c96897bd959963f9edb2b2d2b7c3b,******6256
B1331,AI097,P1288,2025-07-03 11:37:36.951,PENDING,7bedfb6edbc97683219eccb567679abc4ed46f84a38d9212dcd511571e87b599,******9583
B1332,UK159,P1637,2026-01-15 11:37:36.951,CONFIRMED,aa7917807af2a7bb98f8291f4f9bfca0a2e65893a9f63d6d4aadc64ee14320ac,******2108
B1333,UK044,P1578,2025-09-06 11:37:36.951,CANCELLED,ada839a2b3566f17b03e8a1dc6b8a6249e847b38fa9bb505c387e08941fc8649,******1145
B1334,6F176,P1541,2025-09-27 11:37:36.951,CANCELLED,df12b11e26da7102c9ccf76f8e59eae9736f9183884919eb689f3ce72706fe4f,******9658
B1335,SJ221,P1113,2026-02-11 11:37:36.951,PENDING,7758641bcfcffae1e55dbe649f9ef33c8b88d79bc2babdbb9536e3ded50a827c,******8680
B1336,6F112,P1203,2025-07-03 11:37:36.951,CONFIRMED,5b7194549b8c5ab6e06833b76fcf2f62671d5bc90885002dff070c1606831c73,******3059
B1337,6F246,P1028,2025-10-20 11:37:36.951,CANCELLED,1ac2ca0335d18dd35cf8da74f9c76a9da22397e6ee4bc2ccf7cd7cf2f630f08f,******6646
B1338,6F014,P1642,2026-02-21 11:37:36.951,CANCELLED,175731475f81e69af76659bbb90c1a11d411ad3f7cc29f996109cf5ebd5d3732,******2453
B1339,AI237,P1473,2025-09-17 11:37:36.951,CANCELLED,d0f7fe6b13e7e6502c640dec58da60e4b01cd8f1ae844bb4d645b0c802814917,******9137
B1340,6F003,P1696,2025-12-14 11:37:36.951,CANCELLED,ccb113f060388251508881d01ebdd156e80fe0a254da084785869dec07a8aa26,******0823
B1341,6F249,P1252,2025-07-04 11:37:36.951,CONFIRMED,bbd80c064ee67cd3a897cbfa48e9cabf4788c98f4ad671f4478b330d22d4628a,******1075
B1342,UK149,P1797,2025-04-29 11:37:36.951,CONFIRMED,33a3535b78b20f63ff2601a6af70e10621d94b69d7844ec1ec46dcfc3de97ea8,******1209
B1343,SJ163,P1904,2026-03-08 11:37:36.951,CONFIRMED,6ca5b32549694f5923a252c69398f758016fa376c6beb02a86116068943f8f3c,******5104
B1344,SJ243,P1921,2026-03-28 11:37:36.951,CONFIRMED,07f0bc71fd91a31bd86aebed71ff496567cd5205eb33a364f404a24c4dedd824,******5145
B1345,UK113,P1385,2025-06-06 11:37:36.951,CANCELLED,a5daf2e8f4531a6f1870b75a01a6cc68e36171c4d79f3e980b8c210b3a39de34,******7922
B1346,AI071,P1061,2025-06-07 11:37:36.951,PENDING,681f904ad52c424e8d850a2477dec185a37dcd8ffce5580717fab9a856e473e6,******1806
B1347,6F271,P1514,2026-02-07 11:37:36.951,PENDING,00a66261287c6861c29bcc4dd2e8bf6119b35af4dd906b0e02d9cf3a7b401e87,******6679
B1348,SJ015,P1429,2025-06-05 11:37:36.951,CANCELLED,5f301b0ba7ccb4f5738f6cd33c6d0b2c7317fd7c3bb93d3f0d099f2a1e12f612,******3196
B1349,UK047,P1579,2025-11-19 11:37:36.951,CANCELLED,5d8d4baffff6be8414db7b2caf6bc05ebff1c4e3d4334038b11d1196b1e0275b,******4833
B1350,UK020,P1536,2026-02-04 11:37:36.951,PENDING,e9f08ab11a79a0f14f5d1d8e071eb58e712b4870a962ab4c5ca49161860eac15,******8891
B1351,AI122,P1690,2025-09-03 11:37:36.951,PENDING,402773efa149b4a3f2a468baf0a1c832beaeec21485bee3a174e31a16e4f767d,******6783
B1352,UK223,P1140,2025-10-20 11:37:36.951,CANCELLED,0eb08a05c60b48134eae17ed7fca666eab6249948fa4a701d51d07f5ba71294a,******2884
B1353,6F148,P1742,2025-09-19 11:37:36.951,CANCELLED,b96ce92d3c9770668eaef00fb8b8e5df7817bea490d7bba6851fbbda8f7e7c56,******4844
B1354,SJ162,P1299,2025-12-14 11:37:36.951,CONFIRMED,9a64abfcb02a5ab892fa24ebbc403e7b96287406ee00575526b1d71821175b1d,******9213
B1355,6F127,P1674,2026-03-30 11:37:36.951,CONFIRMED,7702c0c7d09e733d6ed8369eb00b7a2680f036a1ff4499871e17962598bf821a,******1313
B1356,AI173,P1310,2025-11-10 11:37:36.951,PENDING,a0048b680a0c3213e7ca8f7ccbf01ad861c403450bdcdd4e9301a4602d888f57,******8460
B1357,6F065,P1470,2026-02-05 11:37:36.951,UNKNOWN,cc05021b7e48085054d6106c06099d15d7edc4630145411925a915fefe64d2e7,******9923
B1358,AI053,P1392,2025-06-22 11:37:36.951,PENDING,44a787f5c7f3c707a9b794379b9830fd20c3bdaaa83e25925537e8eed3bc9d97,******0560
B1359,AI241,P1641,2025-10-22 11:37:36.951,CONFIRMED,0df3c26c1d9a164988f5fcd5f08d0ddd693186b4877098fbd706dd030d061aa5,******8471
B1360,AI105,P1444,2025-06-15 11:37:36.951,UNKNOWN,56d5d91c069771eca6d0234a5a7198c8fdc8498c26f92fcb4e8b0b4290e91bbd,******2317
B1361,AI110,P1757,2025-08-24 11:37:36.951,PENDING,405df91caeda8214889c7a03b99f3557218a1453b7efd0a8f52755a041c992ed,******3821
B1362,AI252,P1808,2025-10-22 11:37:36.951,CONFIRMED,6e90791109cf2a1022a0cf817aad200bc95d12b496397e7119237265a90e8ede,******7951
B1363,AI149,P1171,2025-12-14 11:37:36.951,CANCELLED,fa04490151f10a1a32a7326f2425fa617138a4f9bd77a134063c040f646859b8,******7515
B1364,AI224,P1575,2025-09-09 11:37:36.951,PENDING,47ce1895315db10dd00a7075624a90c5ac77c02679decb1189750979749bf546,******8079
B1365,UK158,P1030,2025-07-03 11:37:36.951,CANCELLED,a33cfeaddf4ae4d645f159f65b9591682c8b1883536787c062fd95a25ab410d7,******0703
B1366,6F125,P1046,2025-05-05 11:37:36.951,CANCELLED,1c3ba54320320a7a716edcbec2d7d8f9ad38ff08acdf2b31b343dff3c3065aa4,******5252
B1367,UK164,P1129,2025-12-14 11:37:36.951,CONFIRMED,df2ef55a7363268de57571697d6b835f839dfecfdf6d55d5bb3eea17d59ddd00,******0157
B1368,UK007,P1351,2025-12-26 11:37:36.951,CANCELLED,da7d5e0922b2c7c8c28e617b5cdadf4e78ef81f2d731e0cf0fac8ba260256129,******7814
B1369,6F118,P1977,2026-03-18 11:37:36.951,PENDING,b1b564b8900a1215896719fdae9189077dd1162c13996e62133a0881d4aa3e58,******2076
B1370,SJ004,P1844,2026-01-01 11:37:36.951,CANCELLED,fbbfedb409ce20aa2a9221d740666192579e91ccb4e9d1feb16b26b69e151179,******3721
B1371,6F206,P1621,2025-09-25 11:37:36.951,CANCELLED,ab673c268b0b6bb4a7fd3b104bfc83012467f1e5b62b68b6fe629fc0923afaf7,******1602
B1372,SJ130,P1580,2025-05-11 11:37:36.951,CANCELLED,e5683d8f5cd99f2f9887e861da47efc71e61700fa21e46d7ce635fc87acb0084,******2017
B1373,SJ070,P1057,2026-02-14 11:37:36.951,CANCELLED,5d66ccfa715a8a84e66e1686dff3372330d4e5ae29d53685980bed018dba27b3,******1304
B1374,AI085,P1105,2025-04-24 11:37:36.951,CANCELLED,e19337a471ceaf82a3edcf2fe3add431ce42be6616da8307dd234f3e0dcd85d8,******7223
B1375,SJ109,P1811,2025-09-02 11:37:36.951,CONFIRMED,2b1f5483a4cc78927354fcf1efd9937032c1ca229a01231ad347559d71b5f66c,******9962
B1376,AI168,P1329,2025-08-24 11:37:36.951,PENDING,272f505c37ab1597644a8b702fd0667ea6cf5e951bf84aabd2acf885ad628036,******9634
B1377,UK123,P1767,2025-10-24 11:37:36.951,CONFIRMED,f9036ada771a2986538540e69ed66cab9fabf004d38451555f0fa735956ef1e6,******1232
B1378,UK110,P1823,2026-01-16 11:37:36.951,PENDING,f585a0af8cdadab5c0d506a03bab6433eb4c43b704d8a6e1fe81343026089724,******8535
B1379,AI206,P1682,2025-11-02 11:37:36.951,PENDING,75e6b8e20c4beb48c4a8819f8a3a309f0a8d8d12feb4de568e2362c15ab7cf9c,******2178
B1380,6F007,P1382,2026-04-16 11:37:36.951,PENDING,5850503d1da37199d02407b7c674a7ed82a1ac5b43a13b571904ebe7fee7150d,******7743
B1381,SJ013,P1984,2025-11-11 11:37:36.951,PENDING,25d8d806736c98185b1b965eebb464c65d25fd29ed46891bce1a7bc4983214c0,******3911
B1382,UK061,P1161,2025-09-19 11:37:36.951,PENDING,664c32a013817b374e7372a993eced6a0bdfbb5ee574870568ae1657524c1bfe,******2822
B1383,AI010,P1996,2025-09-24 11:37:36.951,CANCELLED,9f2376bf007e0326e5bbb9d721c3fbd4950769d8045e8ce6b8164816c49a3ba5,******2261
B1384,AI024,P1285,2025-05-16 11:37:36.951,CONFIRMED,8acc935278d46678bcc065830cd44ecb579665da48d91c77b0b1ea897aee2719,******3523
B1385,UK130,P1070,2025-06-08 11:37:36.951,CONFIRMED,352af516850369165f07fce32b4285c5824ebb0556d76cb600cf96b464455446,******3433
B1386,AI161,P1766,2026-03-12 11:37:36.951,CANCELLED,25b94b35c22556924a58853b8a3cb666a4f30b11e2ff269bcb25508f4a4710f4,******3897
B1387,SJ208,P1453,2025-07-23 11:37:36.951,PENDING,fe741fa0d15aada3829fb87473872a94eda8df1fd1cf1345543287327d265c96,******8754
B1388,6F038,P1885,2025-09-23 11:37:36.951,CANCELLED,ee46e55ce141f0e71d61ff20663bb7a07e80c0c969bed8d19024b0efcc1e0b8f,******8221
B1389,6F085,P1566,2026-02-22 11:37:36.951,UNKNOWN,5b0337f649c4d44e756d6b02297263536c7938466839efb2aeaf8a1420cd18ba,******6220
B1390,SJ028,P1834,2026-03-09 11:37:36.951,CANCELLED,e90f78cf72157732a18b624bba25f10f8c8324551191e4d519dc20134942cc33,******0994
B1391,SJ084,P1396,2025-11-26 11:37:36.951,CONFIRMED,6c66927b488f66868f9db78514715ed03968fc6942566ebedff26b4c2c592596,******8281
B1392,AI139,P1514,2026-03-27 11:37:36.951,CONFIRMED,c6aed61e810837f7174917dc8e20eb2be69893004ea7d779690f1f187c065181,******7852
B1393,UK179,P1025,2026-04-06 11:37:36.951,PENDING,b07a839f0d71b0e6a80975cb0e5955c9fd33438e666270a6ac64007ae89f04fd,******3402
B1394,6F256,P1312,2025-07-23 11:37:36.951,PENDING,b20bdee61b6bbccbde4dc1a61c1110bae77045145b99c724c3070a21236a5def,******2923
B1395,UK023,P1125,2026-02-10 11:37:36.951,CANCELLED,d7357156a6e404a6182fbc282cb69189c02b3574fc565f28d26a8f1ed7aa1f64,******8777
B1396,AI039,P1407,2025-08-03 11:37:36.951,UNKNOWN,2535e1ec2a432b45bf33457a8a7d863b69d14e944a58f4239364f4198e5680f3,******9194
B1397,UK190,P1564,2026-02-05 11:37:36.951,CANCELLED,32f6bf49dcd7f3a3a4fc0cd24d2422a78935b5da4e9a8a992f29be41a1aa43a1,******3359
B1398,6F224,P1197,2026-02-04 11:37:36.951,PENDING,08af2eb8f4257835b69491e9252b7bb40f90b7191f376d62d0d232b0ac677538,******2164
B1399,UK221,P1810,2025-05-31 11:37:36.951,PENDING,ba0a84be81a24a6c1740e4700ed8bd43191f7c9ae4f3c7f326a69a13e66069e4,******5517
B1400,SJ107,P1187,2026-04-02 11:37:36.951,CANCELLED,b5e87d4c746853271443049845b13b02adedb7ade30fb78d112f4831f33e1a90,******9488
B1401,UK155,P1697,2025-04-20 11:37:36.951,UNKNOWN,f7aa5a0c885017eaef8b46bd0a938c2ef396e639fa1d9c53b82b3ffead2531a0,******6092
B1402,UK183,P1816,2026-03-21 11:37:36.951,CANCELLED,d7a7d31cb5c9471ab310f2a048aa4a1216f6e1acbde1d49fd81155ae6ee65db2,******8758
B1403,SJ203,P1809,2025-05-08 11:37:36.951,PENDING,886ca7c450f6feb23a9c9d3ecea656a593c421c676642c149045b150b9971f65,******8210
B1404,6F253,P1715,2026-03-07 11:37:36.951,CANCELLED,aba6403bcdd7e47152d3137e8e9d01dd4e802c4c98013cea97555fd1df01022b,******1783
B1405,AI100,P1483,2025-08-26 11:37:36.951,PENDING,3e464b814eac09b31a5d558cd29395d79e1897f8b13294c3d5fa871e16c8719a,******0547
B1406,6F140,P1449,2025-06-24 11:37:36.951,CONFIRMED,ad101d350a5ddb9ea6344cc2bfebf927246587e8790b3da5f371e46e7d112f54,******4687
B1407,UK048,P1522,2025-08-26 11:37:36.951,CONFIRMED,9826ff0c1804bc8c8676ace0f2df8ad028d0078ec33d0168d7e90243c1c85755,******5796
B1408,SJ204,P1870,2025-07-29 11:37:36.951,CONFIRMED,4bcb9e78bb4742fef5d5bfd6cda8883f33469bb874c8e61f78879ee57736498a,******5629
B1409,UK105,P1353,2026-03-24 11:37:36.951,CONFIRMED,a3dd6179270a3c9c0da0f407162e6f9284f912d7574b1a511918cb815fa45548,******6973
B1410,AI098,P1985,2026-04-13 11:37:36.951,CONFIRMED,1b2f7dacd2d50b2a87e7673d3bf9b5b9836c55477df1e7c50cd1435bd9114a59,******7244
B1411,6F013,P1657,2025-10-12 11:37:36.951,CANCELLED,eb06f8b0987eb961c13e75337c29ec88ee312db3db85c2377f82369562812a05,******0131
B1412,6F128,P1596,2025-11-18 11:37:36.951,CANCELLED,f09ecfe022259ccb65b245d8ee19248b438c14f937495d48ee7be55f1eef3f1f,******1987
B1413,SJ038,P1099,2025-10-05 11:37:36.951,UNKNOWN,65110ab0608c5a431fe01e94bb0b837fa493a9244cd9317bff0400fc6724020e,******3192
B1414,SJ182,P1615,2026-01-07 11:37:36.951,CONFIRMED,b7d4741a357479899d235b691838cd5f00c8a80ab850f89999571b4f916c769c,******1680
B1415,6F199,P1947,2026-03-22 11:37:36.951,PENDING,20e9b755ab54b245b7a34f977d71c76cb9fd5962d2c5f396b56291e693829159,******3723
B1416,SJ187,P1557,2025-08-17 11:37:36.951,CANCELLED,ba26634eb12f352507d6b56f63df26106d8fd258e9060242f50f29ab067c2b6e,******6446
B1417,AI182,P1555,2025-08-18 11:37:36.951,PENDING,b52bc04c66a4a4571290f9a7312098b898f9378e6d842629c98197c3023c26f2,******7960
B1418,SJ027,P1277,2025-05-04 11:37:36.951,PENDING,01c32390eaf548963758a5e29ff5022b2a8cc0383dbc929615cc72af611f5415,******4412
B1419,SJ062,P1692,2026-01-20 11:37:36.951,CONFIRMED,4b5851018e8e67a8419dd336a90fe12e57f83c8e6a98cae19687fc8fc5fd9b58,******8119
B1420,SJ161,P1698,2026-02-24 11:37:36.951,CONFIRMED,8372df661f86a9653065700c75a4a35c54a24585c4efe165c29fd9a6cd7608bd,******8349
B1421,UK058,P1989,2025-10-03 11:37:36.951,UNKNOWN,443ce9a73da46a9c06701b7c62d21e325d6e411ee044c8c8449b86ef3ad318b9,******7587
B1422,AI181,P1625,2026-01-04 11:37:36.951,CANCELLED,a5f3594f96ff89990f4d309d5a31b55e007d977b2a722d81a86394dbe0c6938e,******9552
B1423,AI003,P1490,2025-06-12 11:37:36.951,CONFIRMED,57dfd94bd4ef351963262b963388262b44d7d4128d1178b4a321f7c2e522c58a,******4983
B1424,6F150,P1254,2025-11-05 11:37:36.951,CANCELLED,8e94a2d9289a3a84f38f97894fc8f0c599af11eb7a160e956a0e4568e14228a5,******4194
B1425,SJ175,P1380,2025-06-28 11:37:36.951,CANCELLED,2c11e289f300ae6c8a52ef1bcfb70920916d843946e22100597cf0caee12f129,******3711
B1426,6F041,P1891,2025-12-15 11:37:36.951,CANCELLED,d5fe3b72f50b2828af4973d0e174278691596aa02f12b291d6e86e78afbcdf44,******9164
B1427,SJ040,P1541,2026-04-15 11:37:36.951,CANCELLED,6c6500f7f00865d63c4623efb2558c178bf5b71e8d3fd29ad14000e1700efafa,******8098
B1428,6F020,P1263,2025-06-17 11:37:36.951,CONFIRMED,ea17837d5f417ba66f5d7a7aba2f094df5f7d00035b90a6f06929a1812ebe13a,******9799
B1429,AI248,P1609,2025-05-08 11:37:36.951,CANCELLED,48c21d848f29f5344a1057c36baff6bee4c26d8a3738ac092f404080959f78ce,******1643
B1430,SJ016,P1824,2026-02-08 11:37:36.951,CONFIRMED,66838d17d0c3dee938b6dc3f9a4aa777914372c460851a39a9cc8431f460ce02,******0947
B1431,UK204,P1878,2025-11-21 11:37:36.951,CONFIRMED,134432d491a3b0e75f0b312c1ea08dab5e900b5a8ef3521be2aef4ac59a031a0,******2572
B1432,6F211,P1328,2025-09-02 11:37:36.951,CANCELLED,446bc6a2a65e4cd45c81f6c771cf1e1fd2956cb2587e7e26057f8dd2355f7cc6,******8848
B1433,SJ166,P1114,2025-05-07 11:37:36.951,CONFIRMED,32791dabb82b4393c2fd3cfe70e6006a7e4288214c4910f40677d179914b5dc5,******3703
B1434,AI036,P1275,2025-10-19 11:37:36.951,PENDING,f1760baab5471d13a08e829d27289390168f1a8e14947d063d9c008446949f40,******8755
B1435,SJ215,P1487,2025-09-18 11:37:36.951,CONFIRMED,3da80707ab31b3152329e66079eadc86c1891deba9badcdd8151ae942ab3b6ee,******2470
B1436,AI076,P1280,2026-01-05 11:37:36.951,CONFIRMED,83ff48264ebb0d881791668d7412a1ec552d73699124f26aafeffc71ce8b0016,******9786
B1437,SJ012,P1274,2025-11-28 11:37:36.951,CANCELLED,7be5f7dae78ef72d7e2a71f55bd14d1d9c26a23ae805dbbec36633557b165bd6,******6956
B1438,AI073,P1772,2026-04-01 11:37:36.951,UNKNOWN,e73cec75cd6b229592fb9031e050e58c679139507f5f5861afac6c5baf148ea3,******4578
B1439,SJ173,P1842,2025-11-09 11:37:36.951,CONFIRMED,eecf9504f8115c38a760ee5fb45b4d5be2d503e801e4527a25b564d1eb884762,******5093
B1440,AI193,P1718,2026-03-09 11:37:36.951,CANCELLED,5c2bb459e1c2612e3c462dd2bdeafd5633cbf83eaaf8c3aaa90d8abcf28ada0a,******2446
B1441,SJ131,P1895,2025-09-22 11:37:36.951,CANCELLED,4955ce400754a64a0cf25f4f2ad6f2213a946850344443375d7bdfc3c0553b15,******5768
B1442,AI225,P1327,2025-06-02 11:37:36.951,PENDING,a1e9964a530b7dacbb1cac3e0749777bac8ffee67c2c3761da8bafe3a860a67e,******2524
B1443,AI190,P1210,2025-10-09 11:37:36.951,CANCELLED,cde7a00501fe4df32920ca24e11029d33fa1747b71da6d30d302ce795bb5b4a8,******4504
B1444,SJ238,P1726,2025-12-25 11:37:36.951,CONFIRMED,1db92bf52d6e167b77017867d4a3d1fe6ef91c519b28fbd54ad332781fd52198,******5352
B1445,6F005,P1922,2025-12-21 11:37:36.951,PENDING,0ff96f71cfb679caf367b36dfbec25a05a17abc8fc1ad06abd833835b6a074d1,******8689
B1446,UK136,P1551,2025-09-25 11:37:36.951,PENDING,4904b07e5d4278e0c0fb3ea14c4fb4f08e77d31c0a585849c6dc9421b80e8282,******0651
B1447,SJ063,P1991,2025-05-21 11:37:36.951,CONFIRMED,bdd31f573906bfdd0a2a14b19ae0c568cd1a106616c1e35dbabda95985bead1a,******2839
B1448,6F175,P1025,2025-11-21 11:37:36.951,CANCELLED,4bed1472fe6db6fba453493f5b3ddaa216fac730d5429feae69e9ca98f2bb192,******9801
B1449,AI037,P1026,2025-05-23 11:37:36.951,PENDING,d93f43de76fac5e7cd061c7e12d08d4ea7ab5a267d0a0cf92cc16b902b1f0cd9,******2828
B1450,UK225,P1701,2025-11-11 11:37:36.951,CONFIRMED,f4e54aa26d9f0129081a619e528ec57ed40b6e840b36583adc42c469a6c96e30,******7953
B1451,AI141,P1082,2025-05-20 11:37:36.951,CONFIRMED,f5fd0df8f5ed7582b2c83f620abd102a7c3b1d3dfd6034e5f101ca38e20783d0,******8759
B1452,6F172,P1895,2026-01-26 11:37:36.951,PENDING,2d2b83ccbfaed9929377516ad21b6cb7be02f3ca898a81b260563fff93ad5573,******8446
B1453,6F219,P1945,2026-02-07 11:37:36.951,CANCELLED,58323f485d32d67f7b3ce6834557082783c17331774b2dc0a5ab208862d1afa1,******4326
B1454,AI045,P1681,2025-08-16 11:37:36.951,PENDING,f11d996211899566490a9ab25b12cc4f3a11fdda2a96f2ddb809376bc2bdcb03,******0104
B1455,AI198,P1412,2026-04-12 11:37:36.951,CONFIRMED,7b91fa2031331205dd4cf074eb117dfc096312a0a6a07cb5081eb054c86d97d4,******2579
B1456,AI120,P1166,2025-04-24 11:37:36.951,PENDING,442f1d7f13e55ad3c61d20fc5ed11c9c3bd3b17194a4f383c9d940a2762a79c2,******3796
B1457,6F134,P1699,2025-06-11 11:37:36.951,CANCELLED,d00be8032494b1a73463dd4a8f5fdf1a13d2dde0131e58179cb2e8154ee14f2d,******2082
B1458,UK102,P1168,2025-11-19 11:37:36.951,CONFIRMED,89b800253fd07cd17855c01866a4161aae8f0417bb6667c23df05265307c994c,******3841
B1459,SJ199,P1800,2025-06-10 11:37:36.951,CANCELLED,3f4ee4adbe47c023a8aa973abae87f652b80dfb953f486600f471e58ec2126f4,******8817
B1460,6F235,P1978,2025-10-01 11:37:36.951,PENDING,6ee5308b0c9ee5aa481428033724f3d0f6e0d0586bb43cd578302e6571628636,******9563
B1461,UK065,P1228,2025-10-14 11:37:36.951,PENDING,6cdffe387e98f96c911035d965df20db987b67fe4dde03d038b4cb931bae5cbe,******4497
B1462,6F135,P1978,2025-12-03 11:37:36.951,CANCELLED,bbafd94a1679df27fba169ec18ee29a6732b5945eac55738183aa34eba21ca33,******3941
B1463,SJ148,P1608,2026-02-10 11:37:36.951,PENDING,5e7e664b303279baece5af1da1c47420c37fef23e7c6a7b32c36971813501064,******7988
B1464,AI083,P1366,2026-03-07 11:37:36.951,CANCELLED,eafb917bf2dbf514e1be86aaae0ea8fe1cf86ba47f648a0ee706d1166059f60c,******5287
B1465,UK024,P1527,2025-07-02 11:37:36.951,PENDING,c8ed86bc4b1f5b2a09402c8f4229497cf8167a44b623ed4e76e747f485beacf1,******9035
B1466,UK220,P1790,2025-04-27 11:37:36.951,CANCELLED,db1e1f7bed19757ec03c73a95e816cd168439d98bd3f8246c5ffbdba2e6a6135,******2257
B1467,UK115,P1646,2025-04-30 11:37:36.951,CANCELLED,16c31d4c77527f2ca2ec9f0599e6ffe79538c8044d0872c54c91682e5a6927b7,******4253
B1468,AI255,P1537,2025-07-16 11:37:36.951,CONFIRMED,cfce696e6992ad7133656086d323b05c917885cf01c5028f6f7fadfe829a5b04,******2325
B1469,6F001,P1863,2025-12-25 11:37:36.951,CONFIRMED,78bda9a94bec5a874ff31f2fad8d140eb53464aaca673796a71065c1566d024b,******6316
B1470,6F132,P1523,2025-05-27 11:37:36.951,CANCELLED,d4bf3c31b9fba13e4cea7ad9b73f3ca84533b03852e9da4008f91a0f7894e7c4,******0375
B1471,UK184,P1071,2026-03-28 11:37:36.951,PENDING,a6b2053c8f7fdca146822e58369412f6ce55b11568206d1c357bf713e6f45261,******4844
B1472,6F098,P1644,2025-06-06 11:37:36.951,PENDING,398566e4efab1bc367111e8830c16d334ddb41d37a968d5e628af185a8d74600,******1373
B1473,SJ168,P1105,2025-07-19 11:37:36.951,PENDING,2d1bca16bb43040410c82d80c38641eb61905218629b762817c10bdd70f098ff,******8854
B1474,SJ178,P1731,2025-07-28 11:37:36.951,CANCELLED,0f290cea7657e120a95793362db2cdd070fe4684ea5ea715036b0c1708187c71,******6881
B1475,UK111,P1884,2026-03-07 11:37:36.951,CANCELLED,7e95721715325d787e84c596accf19fb4179a5b9701dfdd511d037d674d4ce31,******5334
B1476,SJ051,P1964,2026-02-27 11:37:36.951,CANCELLED,d2ea77c0e608c401bb2f32a937d97c277d2d485f0f613fa58f6f02f1745a9881,******7876
B1477,SJ193,P1688,2025-07-06 11:37:36.951,CANCELLED,2075384dcb84dfb895515a2d5162a46fc0f44919c0a5dd98569691e9c2f95c7a,******4320
B1478,SJ039,P1281,2026-02-24 11:37:36.951,CONFIRMED,524094225ff1be42d08b50e85034b0b5126c19951726d48ca369ea25a5fa4369,******0683
B1479,UK066,P1132,2025-12-17 11:37:36.951,CANCELLED,bd1d9854620422ec848b85db24920e9a6303010c0b8e1347352105543a247999,******6229
B1480,SJ050,P1533,2026-03-14 11:37:36.951,PENDING,272e67418c149210752a6717bda39b371ef42ab7765fe2ebb45353748c13cbbe,******6905
B1481,6F052,P1974,2025-06-11 11:37:36.951,CONFIRMED,5ec0eb20c5e81aa1dca6b35df2a3d6948d8b4f7e0c18ec1c83d52bb1b3d475f3,******8664
B1482,SJ170,P1268,2025-08-29 11:37:36.951,PENDING,a2904b4ae9aa36e16b75c69bd7d0436f996ac3d6017d26bd99bb93e00a2e692a,******6092
B1483,SJ119,P1411,2025-06-09 11:37:36.951,UNKNOWN,56453b9d46fd3d02236092dbc9bc2ce5402a9a908dcf496bb6f215a201033646,******9169
B1484,AI219,P1672,2025-05-07 11:37:36.951,CONFIRMED,7c4fe80f20f9b66483cc64025a221578d32a5f7799e4c45a4c28907ddad111bb,******6412
B1485,6F220,P1618,2025-07-05 11:37:36.951,CANCELLED,69be083ce3cad74bea05b2dcd4924e7e39223920ce454182d0329d6bec0eec6f,******6833
B1486,AI207,P1790,2025-05-04 11:37:36.951,CONFIRMED,a924a4199183bcc1a6ef1e33bd61ba5cb9b95289b653d27fcaed87c8518b8fd2,******7259
B1487,6F024,P1864,2026-01-26 11:37:36.951,PENDING,c80f98a465beef558881197b27e4e3b2c521bb92a5ecbc70c1e056eb1bdd2d94,******2871
B1488,SJ073,P1746,2025-05-04 11:37:36.951,CANCELLED,3d53e7809ed61bf918feb4d22f73f586ca9fda44f7fa8d1cb1a6f3b55b865bb5,******3418
B1489,SJ201,P1017,2025-07-08 11:37:36.951,CANCELLED,b5595e03ca062d474bc033d681435cb2f296ab85256ab1aed60a960941c65396,******4879
B1490,AI180,P1753,2026-03-10 11:37:36.951,CONFIRMED,0c6e56d9c9929121c6fc03016d34004c851d17b2d4cd687003e10d1b5fcd3d53,******2386
B1491,UK022,P1116,2025-07-16 11:37:36.951,CONFIRMED,b3a50d387bc3a935f1110f7350c8aef65bb6b97af96586f58fc5230e4b002f1f,******4694
B1492,AI202,P1797,2026-03-27 11:37:36.951,CANCELLED,7d4544f6735d1cf42af13f92eeb97970c9af32913af6d6dd58a23a8f75cc9230,******3773
B1493,6F212,P1793,2025-06-01 11:37:36.952,CONFIRMED,c07324d0d0366f022f5072cef3e87ae0600b542e5199284c09c57a213bbfb09e,******0915
B1494,6F163,P1143,2025-06-09 11:37:36.952,CANCELLED,8582756bc78a7da7ef52481c8155b51be2a9ef99db417cc695363902372ea444,******9861
B1495,UK028,P1716,2025-10-15 11:37:36.952,CONFIRMED,9d5f2fe9ab866f07b01711615f8549bdd624c4eb2d12a4561713afeecfaff719,******4823
B1496,6F243,P1550,2026-03-21 11:37:36.952,PENDING,a712ea3ae32e4e90c949b49b3cd19c94aaf25f636bc06d3f934312a94292e287,******9307
B1497,AI165,P1928,2025-09-02 11:37:36.952,CONFIRMED,46c9f2f81ebe9bac23cd7612e372fa0488abfe9d4489f7af31932844d99274a3,******3751
B1498,UK099,P1665,2025-07-18 11:37:36.952,PENDING,25f54e01705990847ab3acf45f035cdec32dd6841bd6d21afbc2dd4f3c024097,******4113
B1499,AI033,P1687,2025-06-17 11:37:36.952,CANCELLED,c2322292bcb2f2b27262472789696b3b32d9c449b562bfec75780ab6409dce36,******6364
B1500,UK056,P1960,2025-04-30 11:37:36.952,CONFIRMED,cf05d383479f502be49caeb6a6be583f88de812986263f74bc600bd9f6989207,******5186
B1501,SJ122,P1752,2025-09-04 11:37:36.952,CANCELLED,73051b55c7e97fdc216ea8d94d2fa425d527bd3c93f12b148d8bdff4d72428dc,******3227
B1502,AI086,P1421,2025-10-15 11:37:36.952,CONFIRMED,3c7f220cb5068b0163c0739311a4ff6ba049b425d291231b83adda72a01394e5,******9285
B1503,SJ011,P1897,2025-10-17 11:37:36.952,CONFIRMED,20807ba9eae1985a2f0d95b03073f334df96c2030accc2b503427e0644629647,******3000
B1504,SJ021,P1368,2025-04-21 11:37:36.952,PENDING,2f1b87f7cf7e4ea93c56db4b6055dfb8a3eb63a4cdd4b98758edd02edd518f75,******2210
B1505,SJ106,P1645,2025-11-29 11:37:36.952,CONFIRMED,0328c1bc934ba3cabcc3e1eac5adac9446836ade845d0a2150a4a3e6bd4991b8,******8147
B1506,SJ026,P1557,2026-01-29 11:37:36.952,CANCELLED,e69d7f79bc574473fe3a1f982ecbeb5470716e49528b89f44eaacdf1efd05bb1,******4300
B1507,SJ245,P1049,2025-11-27 11:37:36.952,PENDING,7bff29254611796d8955118ed35c1cdf92b85ad46e7fdbdc630f41318cac7c7b,******7266
B1508,AI023,P1677,2025-07-31 11:37:36.952,UNKNOWN,1687175f826bcf70b75cd7e9072c71a54f2c06edba75069e14750a121ecc7af8,******0857
B1509,AI032,P1105,2025-09-25 11:37:36.952,CANCELLED,1fc210e4387fbb3c3b1f684df5873f5884a381408afea3dd11babe6f8ba456f5,******2022
B1510,AI236,P1215,2025-05-11 11:37:36.952,CANCELLED,c18ad2c166bf6122e9d3c3c4c0e4f36d445752e85e6cd796aee313d20408e596,******4326
B1511,6F094,P1657,2025-12-24 11:37:36.952,CANCELLED,b3fbf117ace790642594f69dbfd4fd632c775f50de9392ed5c24e50e06e44f32,******5952
B1512,UK163,P1922,2025-12-21 11:37:36.952,PENDING,115fd913ebc291abd5c78a6fc8c4f932c224b40f70bade00782a408f11e4d6d4,******9229
B1513,UK163,P1424,2025-06-30 11:37:36.952,CONFIRMED,a42a5130b1a1787b71f82ea7deffbe03f304b33c03ee32637abd24c0565343f8,******9146
B1514,SJ045,P1071,2025-05-07 11:37:36.952,CANCELLED,3da8d023b85cd0a171b1f2726f2871e3fae2a12394ed1b1f3295631301dae861,******6774
B1515,SJ006,P1987,2025-07-06 11:37:36.952,PENDING,a6cae71ab6b18e469a8f5c4bbe2927b8237fd8214bd018428e03b3404a7ab33e,******1986
B1516,SJ103,P1841,2025-08-05 11:37:36.952,CANCELLED,70bb52f06ec5a0512c87a717354391dd59f0e5f24dde64f88adea1e3a82d3345,******1214
B1517,6F221,P1784,2026-01-16 11:37:36.952,CANCELLED,9cdbcb5ed296d8eff8cb62d51faeb7a2db7f5ba169f5502fc79155cb4229840c,******2215
B1518,SJ147,P1758,2026-03-20 11:37:36.952,CANCELLED,4952a34c84ab4ba9664ec22a322f35620693b227ae2042c386181c27ed0774f7,******4061
B1519,SJ064,P1445,2026-03-25 11:37:36.952,PENDING,d802ef9a25cd2c80d7078ddfabb8514e8d6fe53654b5c49ac6a0fd77dc963a3a,******0765
B1520,AI028,P1924,2026-04-02 11:37:36.952,CONFIRMED,e839dbf85d70e738066f2aa3da7f8b3aa553c85ca70d82cd94008e41ca5a7fd0,******3299
B1521,AI148,P1185,2025-11-08 11:37:36.952,PENDING,0d35de9dfeaffcc673d4416891beb61661a7d69aa209def9196afa88b1e51260,******9694
B1522,6F263,P1069,2025-08-31 11:37:36.952,CONFIRMED,bbc5e31f4377c7b2ff4700764160d2fb7ce8fa84a7f9adfa72520762be4060d8,******9631
B1523,SJ067,P1973,2025-05-19 11:37:36.952,PENDING,9e8d151770b78effff840c3da38bcd72b6f6f2a01801b0a62915dee9d47764aa,******3458
B1524,6F061,P1149,2025-06-17 11:37:36.952,PENDING,f78818522b64dbd4d2f534181350bf6d25bd28af3277b382b7c874b4ed50f84d,******4363
B1525,AI254,P1245,2025-05-29 11:37:36.952,UNKNOWN,aafbcd16874425013c509c94284dbf00cbfff6422b74edce0ae3d0ca14bee7db,******3227
B1526,SJ136,P1773,2025-11-15 11:37:36.952,CONFIRMED,fd110a595c7a06bc06f9679de14117cc88e02b42a2de3f1f2db5aaad6ca83e3e,******2969
B1527,AI046,P1537,2025-07-09 11:37:36.952,PENDING,587d97ef85d284a22def857c6bdc273bd98843022808fb3de2b1663363b317ab,******3822
B1528,UK174,P1934,2026-03-28 11:37:36.952,PENDING,3e5ad2c601bf82bbe6f55a2650bcaec3a32644316d342a63e221b33a62a1d00b,******4067
B1529,6F066,P1651,2025-04-30 11:37:36.952,UNKNOWN,dedbadc838bd62c7f66f1b89dc7c99214ba20ac4a37c8b1f519e54f76239baa2,******8533
B1530,UK095,P1098,2025-12-08 11:37:36.952,CANCELLED,68368d14479806e041230d58173125dd49842d9b3341017327643faddc99ff37,******4054
B1531,6F063,P1909,2026-04-01 11:37:36.952,PENDING,9d9255c610233be4f38775044718113e64064682c6f727b0028cd9aab2b6a75a,******0108
B1532,UK118,P1277,2025-04-22 11:37:36.952,PENDING,a640a6fc52f85b75f1a69d5732f6dcb8a88c0b627a28fc727b20b5978f9cf1a0,******4314
B1533,UK218,P1562,2025-09-15 11:37:36.952,PENDING,72aef7faad6a1f5c60480b4a257c51a66a3260e43b6aa68d3d862c4c6aa87627,******4584
B1534,UK031,P1662,2025-09-11 11:37:36.952,CONFIRMED,8e1b9a2ed02a4e5e77d9b7b539f7ed0bfce0c30596cd4002547887beff79e7f5,******8286
B1535,UK142,P1943,2026-04-02 11:37:36.952,PENDING,4cac606eba3e8c4e72f2f64f067dc061d16fc7c4577d6f4a0f49f70ae8801ed6,******5314
B1536,AI002,P1454,2025-06-01 11:37:36.952,UNKNOWN,083c7620070f3214e20115a43024a8d8c30c1a1b048268738e30643762327834,******6512
B1537,UK070,P1103,2025-10-08 11:37:36.952,CONFIRMED,29a974b13af675fcdcfaae4c17d4f10cc678d05d96824de2be099d9638e8ab98,******5625
B1538,SJ121,P1945,2026-03-17 11:37:36.952,PENDING,bc41d1e5250c21770a8524c65c1325686badd1562e9a6b0b0eb985b575bca737,******9144
B1539,UK201,P1600,2025-06-11 11:37:36.952,CONFIRMED,8ef9c1aa92d749163c58f4e8f8d51eabb6cab1e1e14e8eb4e68296864dde25a6,******9059
B1540,AI138,P1652,2026-01-15 11:37:36.952,CANCELLED,456d01ba12323d400f1cbc0b52c4fe96dcbbdc3a9d3439f7b1fd04eb050cee07,******6491
B1541,SJ014,P1724,2025-12-16 11:37:36.952,CONFIRMED,195c819f87475defcd989d63467ab5c68ed4d839fb40ca43fc0b1a860ced492c,******9845
B1542,SJ053,P1232,2025-12-13 11:37:36.952,PENDING,0f5c9f6389227c6e1f525ec17d8d6d228ee2b753412da946e7d7ccdcce4aef09,******0037
B1543,SJ241,P1393,2025-06-16 11:37:36.952,CANCELLED,938856af766d905b5b3c4cf1fabb3324d3e06188fca7a3181ba01040e67fa4cb,******0271
B1544,AI249,P1500,2025-09-01 11:37:36.952,CANCELLED,d9e4dc1aff8cf9471df3a6bf78539250ff1a5c3fa1a4de7649c85bc521410e6b,******6093
B1545,AI176,P1694,2026-03-08 11:37:36.952,PENDING,f0cdd2e9aa86a33bbb1a93d6f96f5cad33fd04f1fef42ff5a72440d7d8769edd,******5520
B1546,SJ234,P1250,2026-04-02 11:37:36.952,PENDING,9cac3e84da757941e95160df08fd3251f1d8cc3d9b537dd482799e2a3aea18d5,******0567
B1547,6F115,P1520,2025-04-18 11:37:36.952,PENDING,2101ba54061d9495ac2fda1d9a8abfc9dbfc54b8bc239530e81e07a5a99850a1,******7207
B1548,AI020,P1078,2025-10-04 11:37:36.952,CONFIRMED,d73dc68c4e326432a3dceef93acf0f7a2244bd3b651aae2f1426ed46f7af8baa,******2739
B1549,AI020,P1051,2025-12-16 11:37:36.952,CONFIRMED,67f0d93bf65ce35cb30af266d5ca6a9b0582d57b7ada032dbb7ccaa60f5bff0e,******9899
B1550,6F079,P1897,2025-12-06 11:37:36.952,CONFIRMED,0691432311c289a4b6a1088293087597ea44377f3c0886bd3b94018531e56bc4,******8049
B1551,6F104,P1920,2025-11-14 11:37:36.952,CANCELLED,ed9c985712a982ea0785d423e9d2bd86eaba62616b4aafbe38f256d48a941efe,******1188
B1552,UK046,P1780,2026-02-06 11:37:36.952,PENDING,68f96837be47df0ef0d8abe73fd00d87a671649e5c76d8178e126b1c6ac91aea,******5811
B1553,SJ217,P1225,2025-11-15 11:37:36.952,CONFIRMED,327d7923ba84dc125d313b3f313997abf15e09a193a41fc605cb8416560726cd,******1142
B1554,6F142,P1050,2025-08-26 11:37:36.952,CANCELLED,90587db3ca08d8366e3847926cd68ee8a2b8cdeb072504a7c8ae1e09fc4072a1,******9652
B1555,SJ139,P1185,2026-04-04 11:37:36.952,CONFIRMED,d02b268ada5cea55f3ef00d66e8c2ba7574c891a77d9807514e49adab6d58988,******2397
B1556,6F059,P1033,2026-01-18 11:37:36.952,CANCELLED,a8be11d1dce2fea4e7f9365371b412f62737131578a48a716f497d93c306849f,******2837
B1557,6F067,P1802,2025-08-10 11:37:36.952,PENDING,eb5f6e33d1cdc45c8e41284f6380de46d106d1ab35359e26201f424b8b6c4c92,******6950
B1558,AI007,P1741,2025-08-07 11:37:36.952,PENDING,db0b8fd08bcf3be49b9874bf04a614b9f53463de614a8d491bd03307c2fd62f0,******6792
B1559,UK202,P1130,2026-01-20 11:37:36.952,CONFIRMED,22bca92c99154a516795fdab44cb22bf4b3a9f7dd59fbe6876e57d625033f093,******9332
B1560,AI200,P1631,2026-03-07 11:37:36.952,CONFIRMED,a7354c849bc2dc639885847a4b0b550b94a281f42d7a71172dd63da132d00891,******1527
B1561,UK172,P1442,2026-01-27 11:37:36.952,PENDING,e4c409c2bf97fed9b36ae59e0a669f14ae35f55db732be8e50af2929630d13ad,******8123
B1562,6F214,P1837,2025-05-01 11:37:36.952,CONFIRMED,d3cddf774a5c01476a495a8c64f828df50c28c2c064e609e3f4de23daf54c2db,******0671
B1563,UK037,P1758,2025-09-11 11:37:36.952,PENDING,47f8762b8a9e4b6eec1af51d98367dedaa157101453f29ebeea4e8e534cf6994,******2002
B1564,AI022,P1431,2025-08-14 11:37:36.952,PENDING,19bd6375ab34461576ad6e4f0545542738c3af022e4f73d2bedf0e812dc5e43a,******3793
B1565,AI243,P1703,2026-02-06 11:37:36.952,CANCELLED,05eab4037205fdbad8048c4ef6e4aa9ff935b0f66950dc4e2863b9b5a6406637,******3185
B1566,SJ174,P1496,2025-10-08 11:37:36.952,CONFIRMED,929b517da2f662f3f1b9665859b93da7688edcba4bb2b6ab9271cc5c9e4045f8,******6762
B1567,SJ079,P1402,2025-11-13 11:37:36.952,PENDING,ce3f5b0279ed8a4d956477239562bf89acbd0323928164d70632f60ae3d201c8,******1070
B1568,UK097,P1322,2025-12-21 11:37:36.952,CONFIRMED,d2d204a15dc3e2877c25f03ef870931a760f025e6876ac2781f66d8e9d226e41,******2658
B1569,AI013,P1209,2025-12-26 11:37:36.952,CANCELLED,aeafdcc07301c67a66fda887a166fa1ed496b3bdb12066c1d0dd0e670aaa49e5,******3310
B1570,UK196,P1614,2025-11-21 11:37:36.952,CANCELLED,46cd253d0ddfc280cd5e312a8b3b580aca96642e0d34b36353d2eb9a81413292,******2605
B1571,SJ213,P1328,2025-11-06 11:37:36.952,CONFIRMED,2c13d59651525445fcddba7bef8a8be50e3f77648e815c63b54236f994f5273a,******7878
B1572,UK119,P1371,2025-05-26 11:37:36.952,CONFIRMED,8685742643f91937706de31345b336e557bac1bbabf00b66d3281d4a065ce810,******5075
B1573,AI043,P1459,2026-03-18 11:37:36.952,PENDING,d508364ae4a65b26ecc74b7260994ccbc50a7a933a78c3c767527168f4f568ee,******3229
B1574,AI043,P1132,2025-04-29 11:37:36.952,CANCELLED,354fc8f9c9f50c0459aa3c75d27bb7445e888d4bb1726ffbbcddb977f8f2b2a4,******9310
B1575,AI143,P1834,2025-06-16 11:37:36.952,CANCELLED,589aa892161cb27c820ff093570e9e3e67b879eb1a0a78e5f618fceb3a03537d,******6952
B1576,SJ032,P1650,2025-10-20 11:37:36.952,UNKNOWN,b63b8cf743f305554c62b27a7fd12e1f2823347d4fa6b0ec57a9f547130417ba,******0459
B1577,6F050,P1120,2026-01-24 11:37:36.952,CONFIRMED,68073d18015288515b531cd94747508bcb82979a66387b1bc6b69def38bfc1b2,******7918
B1578,AI134,P1605,2025-12-25 11:37:36.952,PENDING,6b971d54c209110c30956bc63618e702194d39c491f79340cc36756fedbb658a,******9506
B1579,6F182,P1451,2025-04-24 11:37:36.952,CONFIRMED,0e5d2cb7117cad6aa05deaf99d73e6489a83aa853f426b892b603c6bb6ae1967,******9676
B1580,SJ086,P1964,2025-10-08 11:37:36.952,CONFIRMED,467cb9edc7f56b1e9650e98df33a3ae703f30fac072633f4533b7f01aae005c0,******8537
B1581,6F170,P1128,2025-08-06 11:37:36.952,CONFIRMED,8b38c8bc31f03a953051381a06cca4cd367789794989c90034b0b36e9aa8c336,******9860
B1582,UK168,P1090,2025-04-24 11:37:36.952,PENDING,c828971554c2ca5652fe7f5489ee3a18957430ba20de3a192a36bdac455e956c,******9275
B1583,SJ072,P1603,2026-02-22 11:37:36.952,UNKNOWN,60c30884aafb820739c8b489a1ba7b80ba746358480dd6550957c45bb7856d0a,******0940
B1584,UK075,P1574,2025-04-28 11:37:36.952,CANCELLED,8808199079ca16ac79a74160263a0cb2f5a2d082454aa4933068afb2fc095922,******7633
B1585,6F233,P1028,2026-01-08 11:37:36.952,CANCELLED,a594297ee416bbef8c48a7d52605e6b1896e8bb851a0048622ab676ee3663f03,******9970
B1586,SJ143,P1721,2025-11-13 11:37:36.952,CANCELLED,a691462429b9550d2a14e5b2c6abbda569dffeaab1ecea405e68a034d03e17b8,******4180
B1587,SJ246,P1523,2025-06-28 11:37:36.952,PENDING,5259c492c7710ba1213be024f1e71e562db86c51bb3e82f1b840c416d093801f,******4298
B1588,SJ247,P1332,2025-11-04 11:37:36.952,CONFIRMED,2a4803305cd02857bbd9cbc896ea36dd6576ed5dc3dc5ca34bae43487663cf1c,******1813
B1589,UK157,P1296,2025-08-31 11:37:36.952,PENDING,9a68f2fde5c292642af815fae1bf5237515c8efa9eeeca1589252999dcb09944,******8641
B1590,UK069,P1129,2026-04-01 11:37:36.952,CONFIRMED,8665d4d18dca34d8e907b69724e21509aeb32d6b9f5443f6e937a296133ca88f,******8124
B1591,AI106,P1292,2025-11-20 11:37:36.952,CANCELLED,c4a96038b4f9e9072673f93977eef98634a3b631eb3ad8f6da7a2126cf6e6363,******3665
B1592,UK085,P1172,2025-11-17 11:37:36.952,CONFIRMED,bfb12fa9d66b7690439d44a2ccb431ce616adac8c05658ff3227eb04ec5bf62e,******0691
B1593,6F087,P1719,2025-09-24 11:37:36.952,UNKNOWN,b6d47f8c80fa1004c544d744bdc3e1332f155cab682b02c88bcef88bb0b4779d,******6311
B1594,AI067,P1943,2025-06-01 11:37:36.952,CONFIRMED,aaea2ce38aa9005fdd29d85101918f87b2faf46637d0553d1aa9a5c6a8722d5a,******0775
B1595,6F226,P1023,2026-01-07 11:37:36.952,PENDING,171725b3e2f4f8a7b2f40c65ccd0302f4ae4e77948bf25d8698c989cc2888e3f,******5375
B1596,SJ210,P1098,2025-12-20 11:37:36.952,CONFIRMED,34988969eee46e40feb29de238dc3b58d149a3671bbf308ab731266e412319c3,******7815
B1597,6F269,P1405,2025-10-23 11:37:36.952,CONFIRMED,4a123b9d3137e4956275825f2c230b789b04f7fa1231444ac48cb53c53a884c3,******6201
B1598,UK013,P1355,2026-01-02 11:37:36.952,CONFIRMED,77969c3eddb831d9b5e2ea3f984ced1d8f948afb9cd9ac28029623ba66691c99,******4577
B1599,UK013,P1138,2025-09-30 11:37:36.952,PENDING,1229af52a1691e215ecbea86802e9f45e89e5b7ff0f88e234532a081e7913281,******6733
B1600,UK143,P1502,2025-07-20 11:37:36.952,PENDING,8b020d637180a2659678c41c72898733e8f9cb748080b70f0a8cb4938738ae3f,******9966
B1601,6F262,P1825,2025-09-07 11:37:36.952,PENDING,401daf4031e0aac358f5c337d8430e1985e508a023734ec5285ae1a5b2c63f65,******8100
B1602,6F042,P1173,2025-07-07 11:37:36.952,UNKNOWN,495450b9989e598c739c2f02a674028cc0678812711f4c1c70112c4877932d15,******9344
B1603,SJ118,P1028,2025-12-06 11:37:36.952,CANCELLED,9be67efa903416f26cb42d1fc017ccc25989f3bb44149385260380dc32125449,******8468
B1604,SJ118,P1930,2025-11-17 11:37:36.952,CANCELLED,def234c0b75c5d1ecb108bb9a591eb372afa4b0850c3ad4ab3bf6a4e980b5a18,******9471
B1605,SJ082,P1495,2025-10-03 11:37:36.952,CANCELLED,1bb2de95b853a6df990f2d2c13b0360989174d7afd048bb270d098f3a57fedc1,******8238
B1606,6F015,P1654,2025-07-18 11:37:36.952,CONFIRMED,35ffd069ac415985455607c754d59f4b89da1c838ec1b51f0d88dee5ebdc0767,******0192
B1607,AI101,P1827,2026-02-02 11:37:36.952,CANCELLED,31903349f1c2eba85905c923ffa2e9a8cf6d605d128cc9cc8a41d9eb28a9da10,******3146
B1608,SJ110,P1350,2025-06-28 11:37:36.952,CANCELLED,19cc3241f12ff2d8e0adc3c77125d7fcd74ab3bd530c4fed2352588bf608123c,******6165
B1609,SJ042,P1553,2025-10-21 11:37:36.952,CANCELLED,5af0cd586be384f47f22b1029b6ca4ba29f537c07be6cef04e2e53c87624ee89,******5414
B1610,6F145,P1298,2025-10-13 11:37:36.952,CONFIRMED,0d14865cc37b5496709db82f46fa8886391c80eda7f2308a71d3121ed4e14d20,******3593
B1611,UK029,P1719,2026-01-05 11:37:36.952,CANCELLED,bc83cd7d4f7b2e69a00ea3d6a6328ac81ee1499addce04e31f7135b4208d6c04,******4892
B1612,SJ200,P1841,2025-04-18 11:37:36.952,CANCELLED,362f1c4c29ca8172ad830b53c14a432d98a7888badbaabc38883d3e4993ef317,******3103
B1613,SJ209,P1944,2026-01-29 11:37:36.952,CONFIRMED,36f3e7a69bc2d13790e8a894c66562871a911115668d3cb98ac88eacdeb61089,******0449
B1614,AI116,P1191,2025-05-11 11:37:36.952,UNKNOWN,0ce6ea43c344e22757535d637930bcd151258570338b269cd62e9c619df19cec,******0528
B1615,6F117,P1671,2025-05-23 11:37:36.952,CANCELLED,1e8011c366fcb76760042a444e32c9f3ed0753ec855fad78672b049b4d8a168a,******8111
B1616,SJ181,P1063,2025-12-23 11:37:36.952,PENDING,98281bd664be8df030f4a802f10ee4e2d73a3c7519a0dffb1538db7f2e14a405,******1327
B1617,AI070,P1754,2025-05-10 11:37:36.952,CANCELLED,21f4515e5e25841deac42b4b7a7ab82622d6acc519bf75e5cdbcd21cd83df256,******8704
B1618,AI070,P1769,2026-01-19 11:37:36.952,CONFIRMED,a74fb0fb0ef754576acafd952f52601c6b8c4bdadb1ee91032b525c18961e42e,******9430
B1619,UK042,P1663,2026-02-05 11:37:36.952,PENDING,35f6b0b3061afb9ecd49547631aeab3ab63636d893f2b098cbdbb64f4df2293b,******2740
B1620,AI169,P1214,2026-02-24 11:37:36.952,PENDING,d565b8fae932abe0ab78f3d66e622c64933f9d11ed355e3b20c7046d61958874,******9727
B1621,6F021,P1833,2025-12-21 11:37:36.952,PENDING,5e348003290cc55802633c6b7c925a2f32abe5d0993eddbbb87f941fc446581a,******3445
B1622,SJ046,P1165,2025-06-23 11:37:36.952,PENDING,0b6e015de6f981476050ecaba97e69c3e347e11d93177ce8a6628a2458d03dcc,******2713
B1623,AI211,P1542,2025-08-17 11:37:36.952,CANCELLED,b36653540e86085dd458cff345f5505a6aea923ea93910e069d467eca88d56d3,******0353
B1624,SJ091,P1882,2025-12-20 11:37:36.952,CANCELLED,4aa292eccc639cea3e43735013e104b18448ce780c3df929eef27c3bdf3875e6,******5944
B1625,AI123,P1231,2026-04-05 11:37:36.952,PENDING,165b745f5ed02eebbd44517b434a5068bd6d56f343b0f79698c102c568103beb,******8999
B1626,6F053,P1793,2025-04-17 11:37:36.952,CANCELLED,bfb888771f3080fdde82ec55a46ca6e9c2aaf00343473cf379483198de2db70a,******3732
B1627,UK012,P1540,2026-01-09 11:37:36.952,PENDING,77d9cefc7cced9b07aca5cce887b0a1791a5aa19689d25fd00aac9224683bfa3,******8394
B1628,6F023,P1194,2025-11-25 11:37:36.952,PENDING,e660354dbd4dbdb97609351b6566aae0af518354a0cb04b34b0d75d4c8081626,******1638
B1629,AI250,P1505,2026-01-02 11:37:36.952,CONFIRMED,4142e92c8dd6278b20696b25930b548f1257a21d80355d86fccdb8c2518db85c,******5072
B1630,AI238,P1333,2026-04-07 11:37:36.952,PENDING,fc03e909e8a5710c6eea82fb20d708794049f993c9a7f0138dee4ced49d44559,******2269
B1631,UK096,P1767,2026-02-17 11:37:36.952,CANCELLED,4adfeb15fe587f60bda9c9cb1fe445c8b18f49e81ca5c3d9fb3244a2b3ecbbc3,******8353
B1632,UK126,P1792,2026-03-30 11:37:36.952,PENDING,5a2fd0bac26c9c553a7cf0e79d0dda235fb909aaf13ee975f958d7af28bf7605,******0781
B1633,SJ195,P1303,2025-08-30 11:37:36.952,CONFIRMED,b2d7cffcbe296ffe43b48c5a281559d1739bcc8024698888ada73e29bbc2de68,******1769
B1634,SJ171,P1832,2025-12-25 11:37:36.952,CANCELLED,2a5178901251bcd2883d370bc10b7e38b1934a0d3905ac55254d75285f032b45,******5198
B1635,AI136,P1436,2025-08-14 11:37:36.952,CANCELLED,b309beb7f6765ec7d94e10bdf9eb3f5c38a82b52fc5cfc4e7b4b8e7460500321,******1859
B1636,SJ192,P1322,2025-05-27 11:37:36.952,CONFIRMED,4c07947ec29f9f8eb077fd497bfd2d722ec2e62ab6774deaa7b8d25247f195f0,******4980
B1637,6F035,P1501,2025-12-01 11:37:36.952,PENDING,9ef28d67266b2b8587e9e069b8d59e33c43eea740790da2bf017af169b8e86a5,******0528
B1638,UK088,P1857,2026-02-23 11:37:36.952,CONFIRMED,3b1ba257ab17e50995fc934a9d9fe7cf1a43d14fc63619dab231293e2c0570b2,******4781
B1639,6F009,P1913,2025-09-14 11:37:36.952,CONFIRMED,99a304cb3a4f0714213282c70900746dd74004f058691ab972deb7187fd28f4f,******3873
B1640,6F004,P1392,2026-01-28 11:37:36.952,CANCELLED,0dfa3d2dc8c7955279553fd9b434969d6ea71290b779f541137cdbd95539c0a8,******4451
B1641,UK122,P1805,2026-03-27 11:37:36.952,UNKNOWN,a5a177db9d351cbfa115988e10cc1ab9d4e3cc237371f779459d05acd1e79c96,******9571
B1642,AI251,P1598,2026-02-15 11:37:36.952,PENDING,8e5bb2f1f092aa3218c9dda46065b9191625d1d6ffea0b069ab14f9d9e76cf38,******6644
B1643,AI027,P1148,2026-02-04 11:37:36.952,PENDING,21f4ba7013f69a4083864f0d557ab6a857ce19dbe63bcea75dedfcbe5240fdb8,******3774
B1644,SJ165,P1760,2025-10-20 11:37:36.952,PENDING,7f89177d2919ec57ebb0ce955bee9a7ebd010dab10f3dfbc9d05d11bda65cb95,******5792
B1645,UK081,P1832,2025-08-16 11:37:36.952,CONFIRMED,0bd50d55d21c694559257336b2f109adcb559c4e48c99ef5d56abd6d3ed7e08b,******7529
B1646,UK191,P1404,2025-09-27 11:37:36.952,CANCELLED,dcb3450557115d32760688a0eddf65b4d433b3182cb7c82ee4a4059d0926c414,******4076
B1647,SJ188,P1282,2025-11-06 11:37:36.952,PENDING,2a3d133a580f0244d5055aeb03d5861b48c0db66700c2255a4f87a4cb369f087,******0840
B1648,6F016,P1361,2025-08-09 11:37:36.952,CONFIRMED,4ccbef63e0bdf9971c5a0271cf1e1c51066678819b1184857fd3d837f00b2aa7,******8368
B1649,6F064,P1378,2026-04-05 11:37:36.952,PENDING,ec7e3cc1e6cc47310a6c5b8045529e83c9e37d3d0e5a208f8aedd7efc36c3eba,******3414
B1650,SJ105,P1197,2026-04-03 11:37:36.952,UNKNOWN,d3fb11aa8268cf78159b56a1922d5bc35b93b2f1da7422853f8ba1a95a1cd4bd,******1933
B1651,SJ054,P1555,2025-09-09 11:37:36.952,CANCELLED,a7c92440f67553788ac51a3006d3f594190690c8c4e318ef94f2fce31af98b4d,******8199
B1652,6F197,P1355,2025-12-19 11:37:36.952,PENDING,cdd97d2f70f6382d57ae8705afa5a49f53bf2dc246c0b8d0ce00cda359a9dd5e,******0269
B1653,AI040,P1539,2026-03-26 11:37:36.952,CANCELLED,9eeee144b1866f99b0d2df76e443f52e0b981aa4c44047b59ba9b1011a57242e,******4504
B1654,AI131,P1428,2025-08-14 11:37:36.952,UNKNOWN,3dbbdc54cf78fa74627153f9f3c73db5a5f4dd5a26659be8d94c6c0f536f2034,******6787
B1655,6F141,P1016,2025-10-09 11:37:36.952,PENDING,ec748ee3966e242dd071b616eb2b3950c4a0823a507fb366c1d452aae80738ee,******4650
B1656,UK035,P1638,2025-05-12 11:37:36.952,CONFIRMED,41b998aba0b892c7848107ad75833c47cf0cf1efdabcfd7590b8913089a38a62,******9841
B1657,AI005,P1378,2025-08-28 11:37:36.952,CONFIRMED,180ed27dc9100f4b46748fc0136ae279e50a681b9db2c0d4e0423188495b031b,******9851
B1658,AI001,P1679,2025-06-22 11:37:36.952,CONFIRMED,c2c3095f7f47e91accb93424ab2f8d55635f6920ef2a8a20ee31dbf6af331d93,******5091
B1659,UK211,P1505,2026-01-17 11:37:36.952,PENDING,57d6033ba5fe53db82a5838d6b9456095b179c9d3f7350feabc515c28acb4c15,******1131
B1660,SJ189,P1755,2026-04-04 11:37:36.952,CANCELLED,93771791c943605c56fd329f1c855f615facbd8e925cb36c21fcfaca8f9545e8,******4370
B1661,UK006,P1898,2025-04-21 11:37:36.952,PENDING,4f34bb1dd5c1aac2dbf2cac678d864b1bd910390b2a09a763cf5957b1e16bc7b,******6864
B1662,6F189,P1075,2025-10-13 11:37:36.952,CONFIRMED,6eab22ee2340440216b5b46852f6702c6251519f3338ab166da7dbe69c2bf9e0,******8498
B1663,AI133,P1230,2025-05-16 11:37:36.952,CANCELLED,180d2539362f06e6fcef368043fdadc847e0e419fd4ac9943463d294aafbff33,******6291
B1664,SJ216,P1715,2025-11-08 11:37:36.952,CONFIRMED,48bc740d5cd7931c759fa7354a4e778dad19f4782826d09da2a8fea6fa562b06,******3111
B1665,SJ133,P1961,2026-03-04 11:37:36.952,CANCELLED,23b39a585f3e43b6fa5ca3bda306679bd7fcdd013f3f1d5fe61ef3eaef2456a8,******0703
B1666,UK082,P1247,2026-03-05 11:37:36.952,PENDING,98c0dcb3e2837662543ffcfc0b2c8091e52cf4c854db339f741d0cdfe57b17da,******0106
B1667,6F136,P1301,2026-02-16 11:37:36.952,CANCELLED,20e8c56e6c76ef8e908e9006f270974c367e303585d8bf61c25ff89701f36faf,******0625
B1668,6F039,P1725,2025-04-30 11:37:36.952,PENDING,08542579bc6c9a81fa147f521c06c1e73a91b5cfaef4dc81dbc6d26f9978a8aa,******9908
B1669,AI011,P1214,2025-06-16 11:37:36.952,CONFIRMED,76c9be4589d3d2ea7af44bf648d90c2f4a3825119a1f343bbd5d06f3e541ffb2,******6069
B1670,SJ225,P1157,2025-05-12 11:37:36.952,CANCELLED,cb964c0495c097ea1d8cf3f134a8fcebe47080f10ee6e65de7e5784cf32515a0,******1026
B1671,SJ024,P1068,2025-07-08 11:37:36.952,CONFIRMED,e2af476ea74868e91cff727f20fa729cc658d10be935444c80e18c48e773b3da,******8950
B1672,AI109,P1392,2025-08-01 11:37:36.952,CANCELLED,650128205a4c56282bb499374f986a0a00147acd99d1752c8206128142604375,******1994
B1673,AI147,P1084,2025-06-12 11:37:36.952,UNKNOWN,823745f06bee486452ed54941a0896edab25d433ac003559eaa00fee2dbe983e,******2711
B1674,UK057,P1266,2025-11-03 11:37:36.952,CANCELLED,dd3467605c235ed48e0e6dc9e96975bf446f633c432626d5068230bd0b7bf280,******5782
B1675,6F111,P1068,2025-08-01 11:37:36.952,CANCELLED,a7cec80fbdbc1c3be346c196dcd5d1a4a98ec4b1b59e2d2f9de745a586d2c689,******1692
B1676,AI197,P1610,2026-04-14 11:37:36.952,PENDING,9111e950c2dccf9abc029c423d8bdcae94696130304dbce78af0b947bca9ba95,******1522
B1677,UK127,P1346,2026-01-31 11:37:36.952,PENDING,84a57e583b3fc3fc3c7008e4fcdf8bd053622942ab0ac54e9938c428a09f81b0,******6384
B1678,6F240,P1961,2025-12-31 11:37:36.952,PENDING,51d9180b215f977557cfc1a9625313f0ff03a324b1bddc50af350c99c19b8a3c,******5813
B1679,6F257,P1727,2025-08-17 11:37:36.952,CANCELLED,9edfd73850d65cef58b94746eb8a0991a8b9e9523488aec06412be4712057b86,******8728
B1680,AI253,P1926,2026-03-19 11:37:36.952,UNKNOWN,336e0a1cc660d92e1a8e081c15561d3cba85916d602ec7bc69f106e9dc1296c2,******3589
B1681,SJ135,P1672,2026-04-02 11:37:36.952,CANCELLED,df283b8533f84ceaabfe530012193ad0a656096ece9b22ce72b6a2cd991c3bb0,******5577
B1682,UK112,P1422,2025-07-10 11:37:36.952,CANCELLED,232d1c0d9502797c3d1ede1c44b2a2dc72a0414340cb99b83a1de649a470028c,******0562
B1683,AI050,P1605,2025-08-07 11:37:36.952,CONFIRMED,9f61d041b615380030761ce903ce215e3948337f37bf514e79d6d6cb0372c2e7,******4031
B1684,UK060,P1173,2025-11-18 11:37:36.952,PENDING,7f3a90ad9d4d71b27cb739193d965999f40f3cdce051a5622bb6d665718a886d,******4337
B1685,SJ183,P1676,2025-05-15 11:37:36.952,CANCELLED,2df5d0e071d2793562836d03bcf44c796125f5318ec427b69238792996c08b49,******9394
B1686,UK138,P1114,2025-11-17 11:37:36.952,CONFIRMED,e2ccff8e291a3bcfa056bfbe58bf6e4aa87f6d08452d803f7f565b1b89bc6cc5,******5076
B1687,SJ071,P1219,2025-10-12 11:37:36.952,PENDING,e7deaaae6ca16ac1f93988fea9988431c332be1baa360dbd8f4d9f80b1fc0851,******8889
B1688,AI057,P1955,2025-06-14 11:37:36.952,PENDING,a01873f30682f0db39d7f039f6adcb28e5dd0617b99153f54a544f0548901925,******6032
B1689,SJ151,P1030,2025-07-10 11:37:36.952,CANCELLED,30a69f52e614decfac070ad7a6250050a5763c157081c23f39e86a05ae1a72f7,******9943
B1690,SJ144,P1522,2025-06-28 11:37:36.952,PENDING,84cbd470a56bad5a23b8c226dd6f9a00df74f4287916f711c2bffed2b650ae63,******5739
B1691,SJ087,P1342,2026-01-23 11:37:36.952,PENDING,5ab2047d375d8b9bd18c3db304eccdcaaddfcbe3c5982fddd2669289d85f42f1,******8246
B1692,SJ066,P1376,2026-04-02 11:37:36.952,CONFIRMED,fde81946c722e21662728779b862ab437142c013c45647383edd1e28fad7d7ac,******4649
B1693,AI247,P1129,2026-01-02 11:37:36.952,CONFIRMED,fd88a5243fc93e55c4a8be787902372d6ddf0355795afaa4770d62b1d2f8cb5f,******9241
B1694,SJ102,P1999,2026-04-01 11:37:36.952,PENDING,d1786521094812672de71e02e08a42b51125f064840ece118724361641b3ad14,******2013
B1695,6F252,P1616,2026-04-13 11:37:36.952,CONFIRMED,4438155ebe696c02b25e927623acc0350e86b49b7aeda9945a13bfc97d126e5b,******6531
B1696,6F055,P1538,2025-11-28 11:37:36.952,PENDING,276ecaadcc0e56c0b6420f4beceb8f04aa06a2465b5cd357d35e7f4abc78571f,******1789
B1697,AI204,P1738,2025-11-12 11:37:36.952,CANCELLED,50c21caf5356a78de6c1091caec42b224847ae476100e0dfa02fe1ad12b8d7bd,******1258
B1698,AI016,P1001,2026-02-02 11:37:36.952,CONFIRMED,f0d567941af209ed076469fa5d683100e045a6c9c53657d3b8383d27728257d9,******9640
B1699,AI209,P1870,2025-12-11 11:37:36.952,PENDING,cecc55d3ec697230da35ac861476e3084b3a6045b77b1a8992d81b9c42c88018,******5089
B1700,SJ211,P1100,2026-01-04 11:37:36.952,PENDING,65e1cbc46369844c7ee2f37303b3a6869ecc7490b08650570a4a30885020afcb,******1891
B1701,6F103,P1532,2025-10-16 11:37:36.952,CONFIRMED,778a78c05c94abc6c75831345b46be8b956ce152fefe25be3da0ef63c8403814,******1575
B1702,UK182,P1057,2025-04-22 11:37:36.952,CONFIRMED,448e80cb3fd8af983a1e5ad218020663dc87cc19372a01db8365a5a6b155c719,******2340
B1703,6F264,P1388,2025-12-25 11:37:36.952,CANCELLED,238f552984c69ef516a03274e6c889155ffd85d0c968f09320c6c3aa79eb5c00,******8483
B1704,6F027,P1691,2025-07-23 11:37:36.952,PENDING,28a8f1ea96a0662d672bd3c696da56972a9f3feb46db05d9b8733be9656dfb85,******3747
B1705,UK198,P1940,2026-01-31 11:37:36.952,CANCELLED,ec5ba277b2139e72caf29c5794985e028cb54c7e02beabc89f90503640e90915,******4029
B1706,6F171,P1340,2025-09-07 11:37:36.952,CANCELLED,6b2d1b2113c249923c23547dc7afefaf5cbda758e7068725c430c1468fa68906,******1687
B1707,AI004,P1860,2025-07-05 11:37:36.952,CANCELLED,ca48569f7510d5079a623f176ac9b0c8694e874d3fe3daf225d2db99618cbe5b,******9365
B1708,6F157,P1019,2025-11-22 11:37:36.952,CONFIRMED,28265e9fff3a747905810827751d5a75efe5f62e34b47afaa28be163b348d21a,******0743
B1709,AI018,P1254,2025-10-03 11:37:36.952,CANCELLED,63b55a036f684a91a31d0e6eb1fbbf47825ec85699f5a92dc946f90df0fc1430,******0661
B1710,UK098,P1316,2025-08-05 11:37:36.952,CONFIRMED,a2b9033cfed071e538b59f3f82a2a968256719e2463328cd484fc6e78863c13d,******0381
B1711,6F167,P1037,2026-01-29 11:37:36.952,UNKNOWN,fa143555327c86b01fb53e6c45e1858c42e9d627bc6151146945e4050cef337d,******4431
B1712,AI228,P1659,2025-09-06 11:37:36.952,CANCELLED,efc47f6e0d4875430a8ea7529056a7d9e33165eb32dfa66681b05ca33f195bc0,******9130
B1713,SJ242,P1536,2025-08-31 11:37:36.952,CANCELLED,a493d09b9d53e4b175fa525ac85a2f947c1c8218f2956e5e9376d5c61dbfa3e7,******1328
B1714,6F227,P1385,2025-12-11 11:37:36.952,PENDING,7c0e390fcbe61c5e9577bdeb773711aa029f4451d7e0ea5a3237848587565b8d,******1002
B1715,6F037,P1632,2025-08-27 11:37:36.952,CANCELLED,9547aa7e70298b9e857eac5213035cea4807fac76dab67d9d21fd9c5b1850ea3,******9547
B1716,6F107,P1927,2025-12-22 11:37:36.952,PENDING,a0aee1417b3c36e8babca6d9569f010bc76ae349194d79b9d520a026c9db0f1c,******6925
B1717,SJ125,P1025,2025-11-06 11:37:36.952,CANCELLED,40db31827ba69c6691ac474577792db2924510243ae55cc21ebdc944b789c143,******7746
B1718,UK117,P1453,2025-06-17 11:37:36.952,CANCELLED,436237ae11aadadcc8c6c136b91c7bf4dbd3aca1973204d0667a12c5c78f4878,******7696
B1719,6F192,P1680,2025-11-12 11:37:36.952,CANCELLED,0403274a854c90495b35b45ed2713838f4dc756b51a28ba56dfec2ee8be9d999,******5025
B1720,AI201,P1322,2025-11-27 11:37:36.952,CANCELLED,deee309e609cfd2a0a8f2464ca4b38386c4b1b48b36c23a5eae1b54769aff9de,******2378
B1721,SJ126,P1736,2026-03-25 11:37:36.952,PENDING,621d3cf046eda8651132994e53b75795b028df74c896782b031089738c441c81,******8415
B1722,AI177,P1512,2026-02-10 11:37:36.952,PENDING,ab399f26f93999ceb543883c78d22219ce45bd3ab6d8eda3db2812629067c7b8,******4457
B1723,AI092,P1818,2025-12-23 11:37:36.952,CANCELLED,568ba77d20124faa8a7915b34c7a8a6a53d093e91755460c53e8f2e32f9edd06,******1969
B1724,6F076,P1772,2025-10-10 11:37:36.952,CANCELLED,14abd42aea37be5924dc9a3d70fce4860e61aaa0a171597c0e549b90cd3da238,******4296
B1725,AI185,P1012,2025-04-29 11:37:36.952,PENDING,1dc394ec4e5ce312428ebcb4790974885a0865c6cd9bc281ce6c1b66f95c643b,******0747
B1726,AI055,P1914,2025-05-14 11:37:36.952,CONFIRMED,9dccff1425fde8754961e39a5e2905a629d8e80ab75425ed4dcbed4a4b8e03d3,******0806
B1727,6F222,P1907,2026-03-15 11:37:36.952,CONFIRMED,c17ef9d640b3a612685694b8a03d39936c14bc09fe1f63d8f6be6963e221078f,******1375
B1728,AI090,P1559,2025-12-12 11:37:36.952,CONFIRMED,2c63961575d5f19025444e701e3124e27f6d419de2fc9ed04796de326868e2a5,******8503
B1729,AI183,P1920,2025-06-03 11:37:36.952,PENDING,2a62e425ef788d0bf303e1171b7941e250bacf5845418d8870248b0ca3791501,******5835
B1730,AI041,P1824,2025-04-29 11:37:36.952,PENDING,62d74181a0f3b1f0fe242db338c0bc97d6b4f692ba1c3e66b6a0291214f281fb,******3732
B1731,6F210,P1370,2025-07-12 11:37:36.952,CONFIRMED,7d85991b6e0166378e54d225498c53354fc737922de5d7f32f1b1f5a403026b4,******6891
B1732,AI170,P1290,2026-01-15 11:37:36.952,CONFIRMED,229aba8e47b68a29ac08c0322003be83cbcbcb4625ab219b2e4939217f82f796,******0707
B1733,SJ008,P1331,2026-04-16 11:37:36.952,CANCELLED,d60682ef8a3ae1d6d1652916fd5a1de732c1f36a0f966059773c8500c445d5c4,******8779
B1734,AI049,P1605,2025-09-29 11:37:36.952,PENDING,a4ca03fb72681515a68f02e01269d80c93eb496f7017132913fe62bd9ea4b2d7,******8705
B1735,SJ132,P1260,2025-05-12 11:37:36.952,PENDING,1804564eca7ae2dfcfd7e8f7bb45b131b932f8323df4125b8a75841f5f5a1181,******7116
B1736,SJ224,P1993,2026-01-26 11:37:36.952,CONFIRMED,286eb81467f00fa13c18e856293ffcb0ab79c9bb5a01eb5ad213ac3b6be44696,******9849
B1737,UK038,P1789,2025-06-11 11:37:36.952,CONFIRMED,a766ce097138901401c92de1b55ef435379d33518038089050ddf50e4519534d,******5244
B1738,SJ220,P1870,2025-08-14 11:37:36.952,PENDING,5062102443c70495b5ea3df24372d29a8a1921c7ef0918f6aa9665b25a0ceda5,******3803
B1739,6F124,P1204,2025-06-29 11:37:36.952,CANCELLED,e337b0b7de821418d655e191b1a10187e8db98f617b8072520b7b761e1f92b05,******2522
B1740,SJ164,P1696,2025-11-16 11:37:36.952,CONFIRMED,418e7a8e8be89dd3487eb0f0db94d57a5a17d20d63cad7c8a9528c024566355f,******7652
B1741,AI026,P1686,2025-05-18 11:37:36.952,PENDING,b9c7dd7912666b943acc97ccf9836b0aef809869a6e849d95332014793d6b7f9,******9579
B1742,6F144,P1949,2025-09-14 11:37:36.952,PENDING,066f10077caa38deb8e7d51dd17f624411ead3815e4c9af0db177f83bf9e2927,******2145
B1743,6F137,P1386,2025-11-21 11:37:36.952,CANCELLED,0dec466abbbcfc2126393332a128842a0526dcac90bb863e3908b2a32f1743fb,******2137
B1744,UK139,P1891,2025-09-05 11:37:36.952,CANCELLED,fd801dce6b0b07a90dd0975c255b72c55f87290a6da3a790300cead88802ecbf,******1410
B1745,UK139,P1820,2025-05-20 11:37:36.952,CONFIRMED,687048c14a9a8d98f1a85a81cb0ce005af4cffc096509103a77feff34450e095,******1103
B1746,SJ140,P1467,2025-08-31 11:37:36.952,CONFIRMED,3127f284842cf5cb0789bae92be082a8702469b00940be4a0bdbdab8e40ffbcb,******8793
B1747,6F131,P1414,2025-04-20 11:37:36.952,CONFIRMED,1a781a89e36abd64f3a56e73f8643f345d297e5e7e8557b2887156c788f50a36,******2405
B1748,UK128,P1068,2025-11-15 11:37:36.952,PENDING,64d55121052705eea04227b367110561c5d579e708ac37a8ea41a0f43cf4ad25,******9749
B1749,SJ219,P1471,2026-02-19 11:37:36.952,CONFIRMED,0cfb80a3c0ef9ae4da000a8ecb4fc2b02eee94da4201ae492887e795e0c2bc27,******6991
B1750,SJ159,P1103,2025-09-21 11:37:36.952,PENDING,083c7ad8ee107d9808c1772637703ed03d52675ad81d2b41cbd46cfba54b2809,******2935
B1751,UK192,P1757,2025-09-19 11:37:36.952,CONFIRMED,ea38a080e71076fba94eed68d1882e6fd71005a610e421c6a5b78407be84f995,******8441
B1752,AI014,P1160,2025-08-13 11:37:36.952,CANCELLED,cb0d89eb3ea58cb91146ee8052f45a7fe0ad6d3db5467e27a9d394c780fbb7ce,******6711
B1753,SJ152,P1199,2025-08-08 11:37:36.952,CANCELLED,57c7287ec752f50e973f11ed869acf36edb4716f811c42c9fac91150c85cd0f4,******3127
B1754,SJ060,P1215,2026-02-11 11:37:36.952,PENDING,c457b729a60b5bd0660e3464dbf0613134b078e739a9fc66c1718fa404f873df,******2758
B1755,AI127,P1945,2026-02-17 11:37:36.952,CANCELLED,d9281b4addffec4d0a79cd5677d2967e710f81fb6c5a3f8abf5ff5f3d5416519,******8329
B1756,SJ096,P1211,2026-01-27 11:37:36.952,PENDING,7270e53e6e1099f38fe0853bbe5c409c116913047127c2d588f40e5e72007f68,******1838
B1757,AI215,P1507,2025-04-24 11:37:36.952,PENDING,951783aef93037db5f1bd019480e7eb982ffee531274bd88d835706eea9a6b9f,******7329
B1758,UK009,P1015,2026-02-28 11:37:36.952,CANCELLED,da3cc671cfd39e8a9edcef4124d1c8d745e29d19c9b8f8d350038a2ca174cb24,******6016
B1759,AI171,P1497,2025-10-26 11:37:36.952,PENDING,a610bf56c1a436f6406856ae640d151b444d6230159cca584c46c202d5275f7a,******8264
B1760,UK151,P1883,2026-01-14 11:37:36.952,CANCELLED,f95268e21cabf4904ab450e7e022c716e5ccda5b5560261842adc704b1d6ea80,******3665
B1761,AI099,P1331,2025-05-22 11:37:36.952,CONFIRMED,bb977b2f4251ccba9fd1c29d02b619ccbabb38395b830712865aaaa5dedec800,******7364
B1762,UK050,P1716,2025-06-04 11:37:36.952,CONFIRMED,0dddf52e82351b07a8bd47ae931166a69f97fc9b7ae0880708d169898fdee7d2,******7986
B1763,UK092,P1876,2025-10-06 11:37:36.952,CANCELLED,1057e76832fa8edb3205486a5e322787dded5eae85a6c11fd9ffe36c1fde4d7f,******6964
B1764,SJ058,P1550,2025-06-20 11:37:36.952,CANCELLED,7b1dc121358b8506a6463d12cd32ffc5395fedb0b4ec9c2c2670f13429d7ecb2,******7667
B1765,SJ090,P1600,2025-12-21 11:37:36.952,CANCELLED,bc699cdb65e77f343e6d979dc3f9030fc15fc963b7c9398449f350ccfc0872ac,******3223
B1766,6F173,P1941,2025-09-07 11:37:36.952,CANCELLED,b94872c224622b0ce5080503d9d1cd35ba605be3fe9fc6bdc7d676a34200c026,******3967
B1767,AI186,P1255,2025-11-19 11:37:36.952,CONFIRMED,93d1331aff7bfd2d7b8fff1e3227f5bbf7a9c3472e7dfda6ba9fa564f33c466e,******8557
B1768,AI130,P1991,2026-03-23 11:37:36.952,PENDING,bd0ae61fb994748f8981e22e0864197bcf658156fae0a1afe7eff40a6be5e512,******3715
B1769,SJ111,P1765,2025-11-23 11:37:36.952,CANCELLED,2aa72f01f02e416a60a11965b1b141bdef0d0d6220b1bac749f25c319eb0b32d,******9187
B1770,6F203,P1727,2025-08-04 11:37:36.952,CONFIRMED,214d210c97b4b26a82ef4c347962d091595a029263489da1af595e48694d511b,******4847
B1771,6F138,P1879,2025-05-24 11:37:36.952,PENDING,e32408bdbc25cb92de72bd47ac64e79d7da49caad4707750cb7b1b887207623f,******1929
B1772,6F109,P1814,2025-08-29 11:37:36.952,UNKNOWN,5855b49d3fa8689fc958a594f6848ef6f8f3acaee173f7120117654f93900af9,******0379
B1773,AI074,P1171,2026-01-01 11:37:36.952,PENDING,f95c87cfa5819590cb47e2239e7fe05384d9cc30bee29d7e572913ef05b77417,******2633
B1774,UK161,P1648,2026-01-07 11:37:36.952,CANCELLED,b69a687b1873cd903818aeb62f714ea600f0ba2e9f260ba218f6998d198052d1,******8399
B1775,AI008,P1999,2025-06-19 11:37:36.952,CANCELLED,60b57faf4fc883ab158282ce4c652b2aba0e8e396b21695cdf3553c23a4d0338,******5751
B1776,UK121,P1497,2025-12-27 11:37:36.952,CANCELLED,69033b999023067ed715d78dd76665001d2c858fcd955b670d56f5ae490c22b5,******4805
B1777,6F154,P1470,2025-04-26 11:37:36.952,CONFIRMED,0bb25a612cf987a76101212c1d45f5e444951ffe58905a4091aa1aa7ab6bfb5f,******2332
B1778,6F161,P1383,2025-08-01 11:37:36.952,CONFIRMED,a933d60d9bdbe9c03f7374e6b3988fedd4726c1a5f82ecb66a4ca59d02f811c8,******3333
B1779,6F153,P1689,2026-02-01 11:37:36.952,PENDING,b5efe065917d66b8641f2980257325b859f9bfdd8b3ebe214a4f4cb3f611a9e7,******8308
B1780,6F225,P1588,2026-02-10 11:37:36.952,PENDING,1e0494cc0f478fece310f0c9a04c4046576842db063e56526610f71c6ceebbe1,******0421
B1781,AI191,P1699,2026-02-09 11:37:36.952,PENDING,36e8c8067645e94b683bf26d3869c97d310f0cb7cbd50fc31eab95c6cf8c528f,******6256
B1782,AI218,P1506,2025-08-18 11:37:36.952,CONFIRMED,7b5566e1bf897dadaf93594a0b86ad8c5787e64433947ce9f7d2296fe6d0c24f,******4515
B1783,6F267,P1991,2025-09-28 11:37:36.952,PENDING,8b07c6c20b2383a73c187de79250ad8d663ca6deaa62bca12103f00046626c89,******0935
B1784,UK125,P1526,2025-08-20 11:37:36.952,CANCELLED,3886a1faa09b685180a1f650d9bd8bcbe33221089b8cbbda1ce4fb01c4a0ae19,******5181
B1785,6F208,P1803,2025-08-19 11:37:36.952,PENDING,c78fd77799b368fee0424822dcda842cf68d278bc15c4a2fc99f66f8b08dd98a,******6443
B1786,6F119,P1830,2026-02-12 11:37:36.952,CANCELLED,1fc08c52c32651a5753af897c83065e4e1768f3cb43b2c0a521b10bb2c49cce6,******4345
B1787,AI063,P1324,2025-07-11 11:37:36.952,CONFIRMED,3ea97cb742b62d1a00c376fc6ad1a8b9c04130db401878420481abffdd202246,******6387
B1788,UK016,P1213,2025-06-05 11:37:36.952,CANCELLED,5393a4a8aec23638a4349c3e888ef2a80425e532005ce2fd5f8dab705396e0d7,******9612
B1789,6F048,P1207,2026-01-13 11:37:36.952,CANCELLED,29118d6e6864630097d1ab77ff7e57b8c4d4436a7fdca4a69f2b1b927d534fc2,******9133
B1790,6F266,P1168,2025-04-23 11:37:36.952,CANCELLED,09696b649598115db9697a17c925dc8a9ee1e8c1ee30028c010703e330d85b71,******5551
B1791,AI167,P1329,2026-02-24 11:37:36.952,CONFIRMED,377ee23c58948a5dc420433e61d4af59dfe3a0fa3d8e141b426612934e80745b,******4040
B1792,6F165,P1279,2026-01-17 11:37:36.952,CONFIRMED,2921dbc35c449f8fc04f91f7514cce6ee81dec4d6ea84fb1ee5d9f8e065d0f29,******4900
B1793,SJ104,P1977,2025-11-25 11:37:36.952,CONFIRMED,a7dfd0570e55a09376713a56beb8c17ce8743f5c81bc54ca8eae3f40b6d701ab,******6899
B1794,UK160,P1304,2025-06-26 11:37:36.952,CONFIRMED,c779190e99477ab32b28f6daa0151e0eab1034ca0e5acd3f9e4ffc8b3259756e,******2055
B1795,UK160,P1145,2026-03-21 11:37:36.952,PENDING,b3312b0b6152eceb5135cd803214643e78f361ce1c8cefe7e46a45e57cf1d442,******1256
B1796,SJ230,P1774,2025-11-28 11:37:36.952,CONFIRMED,912c45fda4856be49228fe91f4a1277214e15732ab0c8280464a9b9b14716d3d,******4004
B1797,AI042,P1515,2025-06-03 11:37:36.952,CANCELLED,eea73527e427e74aa79e60b8884456a3a517f9d59ce7b7b8d774cae0e0b4198e,******9536
B1798,UK197,P1089,2025-05-16 11:37:36.952,CONFIRMED,9c71f9d3a6e780e79d360d616348fe272d3e537e49bab8068cf40013d6ab04d3,******7952
B1799,AI107,P1452,2026-02-05 11:37:36.952,PENDING,6bf15e3f33b925a335606a3f9cc3a8ca22a6a97aee7599432dd968133d716345,******3044
B1800,SJ128,P1059,2025-08-22 11:37:36.952,PENDING,eef52c1399aedc9a0c59664725cae3b046b594615a0160dcd904b485b78e0246,******2677
B1801,6F121,P1310,2026-04-14 11:37:36.952,PENDING,2137a0d6eb13d49ad96fd4d2057c59000a1a3b5e24e1f688c05f746feab81733,******4800
B1802,AI111,P1527,2025-06-30 11:37:36.952,CANCELLED,54ef2484bfb7d6fcd9c07e7406715d71ccf8e7676066f0c2ce34a41873c103c6,******6611
B1803,SJ137,P1226,2026-02-21 11:37:36.952,CONFIRMED,3c71fb9d6c85ef2d0b970be13d1e8c3d49d7cdbb3c5a482bda256bec2c96ed52,******2358
B1804,AI232,P1473,2025-11-12 11:37:36.952,CONFIRMED,516fa95af3ca4c7b4bab79741cbf204d847ccf30c100dc5a5ac9f2d781da663e,******7409
B1805,SJ113,P1977,2025-10-26 11:37:36.952,CONFIRMED,56d5c7476d10e16412dd57f2a6e0c1be1067f48d4b502f9a6ba39e110fa30d92,******0072
B1806,AI117,P1540,2025-08-02 11:37:36.952,CANCELLED,b6e51833d26c78a53bb09873a7edda69d8a2039f6507341a66251cceb8507474,******5917
B1807,6F185,P1662,2025-06-28 11:37:36.952,CANCELLED,e37166d7121c8d90f38e15c5d648e97f2423389910b4e31391a53eeaaad549a2,******0544
B1808,AI194,P1756,2026-01-26 11:37:36.952,PENDING,24f75f7198e41855863afbee5d7465be7050a2bcec2413b7b425d5bfd08c7355,******8184
B1809,UK045,P1781,2026-04-09 11:37:36.952,PENDING,4568afa34a4cb48fdc7ec77f9022dbc77e8db95c1ab3c337e0d302ee780a24b7,******6068
B1810,6F228,P1078,2026-03-20 11:37:36.952,CONFIRMED,703372582d619254cec03f93a7f2c0ccbd7c2504a9714dec129d45a21765482b,******6421
B1811,SJ190,P1432,2026-04-04 11:37:36.952,CANCELLED,d65fda1865faf86bea04d8907bf8bd48610c6d74daf9aa08322341c35138eb23,******0858
B1812,AI156,P1800,2026-01-06 11:37:36.952,CANCELLED,eb85d00ee61f47fb3564718e09ca5c549282c6b366ebc3c3b4d9103eaf0f5431,******5943
B1813,AI104,P1152,2025-04-21 11:37:36.952,CANCELLED,5b4553e334b63a708f2ef02f87c86d2f2449422c944a5781b0861b4b073ab75b,******9254
B1814,UK033,P1788,2025-06-22 11:37:36.952,CONFIRMED,65e8422d839596f942c9cf2923fb31cee842641790c8d4e3ea3710d5d7571349,******2354
B1815,UK137,P1400,2025-05-01 11:37:36.952,PENDING,2484c5616cc9fb06c16949a02384f853845691b6b9ac16c887c8f541caeb4eac,******2431
B1816,UK214,P1278,2025-06-21 11:37:36.952,PENDING,cce67ae025959daaa0c33441e12d74ab330c519a30fcca05bce886d7ea18481c,******0724
B1817,6F033,P1056,2025-06-07 11:37:36.952,PENDING,ed6179e2a5466ef6f12a6b58e42f42ce65cb0ee40f629a71866e3e4a7a7980f0,******5836
B1818,AI114,P1976,2025-11-07 11:37:36.952,CONFIRMED,e77286a7fc8c0918f3b11f1bcae191b56ddb149fc16ce1ca86cce608f8b6b052,******6645
B1819,AI017,P1185,2026-01-19 11:37:36.952,CONFIRMED,89253e839728ffee2e752cee367b1737c78c3c351d747362ebe526f49c2bc456,******3150
B1820,6F244,P1397,2025-12-01 11:37:36.952,PENDING,c02bc93ead6158f637fcbcc9d2144ce70812bb1ca39829eae4a6173900020523,******9804
B1821,6F160,P1604,2025-11-27 11:37:36.952,PENDING,09b389447f89b57019429810e1e088ce198adccd799bb24afb7965b182d774e8,******1814
B1822,6F088,P1787,2026-01-05 11:37:36.952,CANCELLED,c6659e6f9a3ce2ac3115dc3fb14ff4a84a6a4cc2b655de3284209fddf9ac3721,******4944
B1823,6F155,P1157,2025-11-26 11:37:36.952,CANCELLED,784d546f628723ab8cede91b1f5b4eba2c57f3c353f83f691a7c6607fd17cd6e,******9978
B1824,AI095,P1786,2026-04-15 11:37:36.952,PENDING,e97d0383fe86aa5a71c3fd254e9a3288f576fc0bee8368e4eaec167a8161fd93,******9591
B1825,6F139,P1692,2025-05-17 11:37:36.952,PENDING,0740083a652c7a97a06c3ab11e0fe7040bc071c8344bc8b42c4c90d6fc6d18a9,******3447
B1826,6F101,P1358,2025-07-11 11:37:36.952,CANCELLED,4c069f6064232614bfdb5f56f69f4aa8fa6d3f963a922ba58730372999c23134,******1324
B1827,AI054,P1439,2025-06-23 11:37:36.952,PENDING,c47053969b849f627f55640a32d82cc9f0693392291375fdb07ce53158502ef4,******8662
B1828,SJ094,P1588,2025-05-18 11:37:36.952,CANCELLED,05e9db9f9ff03e2a2a9ec835c7a51d0b9595d2b8852881398433552022e8bfbf,******0685
B1829,6F217,P1465,2026-01-15 11:37:36.952,CANCELLED,c5d2ffbfa44190105efb7952e53df0bfa89db4ebe2d88838dbd6eb2a0bd96b00,******4517
B1830,6F100,P1662,2026-04-15 11:37:36.952,CANCELLED,f0c2ba88726e4eb0106ed1769552ea0178774ea9d26ee5b000f02f9f36b94c21,******1529
B1831,6F081,P1445,2026-02-05 11:37:36.952,CONFIRMED,344f7c8a5ee6580c479b9e69db5ad6b0ce3fcfc7656b04fc5d07ca44c18c6d44,******6991
B1832,SJ156,P1749,2025-06-17 11:37:36.952,CONFIRMED,67e813b76bf33d2cd58239f3abf0784efd7a07801aa0652df8f4ff7f35b0b3b2,******2142
B1833,6F060,P1800,2025-06-07 11:37:36.952,PENDING,1c6fae528078b8d04499bd24209a1a204af3c9dcf7e0dfb44a2201db281dd9c3,******4267
B1834,UK129,P1742,2025-08-14 11:37:36.952,CANCELLED,7c0ccb54f288e13cfa4534f3269ca13348ead6fba5f00837ce8c928fa7616a9c,******1511
B1835,UK032,P1487,2026-02-07 11:37:36.952,CONFIRMED,c8af127b0eb2192ae8f3a73131db1c8db99a468f23d9cf41852cd0562fe61007,******2240
B1836,AI166,P1529,2025-09-23 11:37:36.952,PENDING,82f32974bca2d4fed02d75f755a21d9b0ad46b742ede29223d7e4a085083de89,******3090
B1837,SJ056,P1072,2025-10-31 11:37:36.952,PENDING,0962aea689fc9ad53d09c7ba2738d67eda7b38187e82e123922240d0437dc85f,******9029
B1838,SJ101,P1928,2025-06-12 11:37:36.952,PENDING,377808e9942f148dec5b307b1dbce7e5e6e27c5fc3a5f6272965dcf7383b384c,******8297
B1839,SJ065,P1927,2025-05-09 11:37:36.952,PENDING,5c66d8c55ac02fd8ec93332a65fd949da3d29e2daa61a6b993feac65106cc95e,******8494
B1840,SJ100,P1700,2025-04-19 11:37:36.952,PENDING,6758aefbb2a1b57b92147501d34141cb9f6f64773dddad4fd7c753c7f29fb6cf,******6349
B1841,UK011,P1949,2025-10-24 11:37:36.952,CANCELLED,505d5425c20f90d91f883a3622ae450e687a71ad48de2f163e5a90f8d65d2456,******8358
B1842,6F062,P1016,2026-02-17 11:37:36.952,PENDING,0b5e9c32c5343b69bccd337b1204a3b59d52f1dc621b25bb56003d37e1d816e2,******0123
B1843,SJ176,P1530,2025-08-15 11:37:36.952,CANCELLED,3cebec895481e8b32f60008adb5dc4d794e0d6b6ee967d0684988eb4a2dd6c5b,******4938
B1844,6F120,P1730,2025-11-26 11:37:36.952,CONFIRMED,a5d7e81e999cd29c3d51e0c563741d6c9d9370ef32d33762c2fa97e5e3b78c7e,******6465
B1845,AI121,P1325,2026-03-05 11:37:36.952,PENDING,40f7815268ab7d7fda89afa9a9ef5bb077e49dc4886580a90b708fd4b2da4f44,******1803
B1846,UK072,P1994,2025-08-30 11:37:36.952,CONFIRMED,27c8d3755ffe5fd70acd7ea613de660ceda3ab1e5c337a5f8f8c6bcca4cac6eb,******8958
B1847,AI006,P1631,2026-04-06 11:37:36.952,CANCELLED,fca14ef5201992db163bc7e53ce027457a75f9ea59e5f456c7f86a0001305afb,******7140
B1848,SJ231,P1612,2025-05-19 11:37:36.952,CANCELLED,38b3d62ea2d2db3341bf3c055050d0ea58d521bd6e3a0e3c17a89d03cfb48e6f,******7655
B1849,SJ129,P1545,2025-06-24 11:37:36.952,CANCELLED,c4f43529edcaf4d8b5c2c09c58e04c69ddd3bf0a28efd9ba4327a3609cb97391,******6604
B1850,6F110,P1595,2025-04-21 11:37:36.952,PENDING,86678ea921584c027e48545b56c11aa5ecd5fea456e618cddcd30c2708bd4d9d,******9822
B1851,6F231,P1920,2025-11-26 11:37:36.952,PENDING,8b82eab6b4545a9a6f3ce201ef0e5dde52a08e208fd5e10f400db5f7b65a54aa,******7673
B1852,6F095,P1707,2025-08-09 11:37:36.952,CONFIRMED,6ad9b8fd28ffccf49264adcda3ecb143ce25f7b48adabc0ed75c102a092edb82,******6582
B1853,UK054,P1841,2025-05-05 11:37:36.952,CONFIRMED,ed731eeabf504aa10d6d7d327a6d5be609de648cb002985abaa9040ddcc9bff3,******0990
B1854,SJ123,P1201,2025-08-10 11:37:36.952,CONFIRMED,7f617c35090f09028d7fd7015b67c7d4a4709ec89b1cdd84daa18c87d0deabf4,******2192
B1855,6F006,P1343,2026-01-04 11:37:36.952,PENDING,2b7ce9c324d52a6c5fc08bb0cfcac7f9816668ec37ddf7a7ef0883d8b7f8f6ea,******4333
B1856,UK226,P1852,2025-05-04 11:37:36.952,PENDING,73ed2bc7916b9ce95651b90bf6e6fe2b653aeeee536b7c03c50e52bf4991f4ed,******8415
B1857,AI065,P1522,2026-03-07 11:37:36.952,PENDING,1b269821155b17291f92bdd734f545935af8af2f82b4c42c875efd668db9cc8d,******4646
B1858,6F008,P1858,2025-11-25 11:37:36.952,UNKNOWN,b05d5077011bcebecc862f56e36eb5d0e0856eb5548584b618df051c19a90347,******6025
B1859,AI195,P1399,2025-11-11 11:37:36.952,PENDING,73f723ba52ae0d3def30fa7a8c53b1e062c7295e54563625df4ea63cd5a39121,******3071
B1860,UK043,P1217,2025-08-01 11:37:36.952,UNKNOWN,af827a01b509e6ae6a924b8c8248cd3985d8d4d012c66a515cb38f31148661ca,******0640
B1861,AI125,P1444,2025-10-15 11:37:36.952,CONFIRMED,cadf4859991b0f08442c71f2f384c565ba41d42f47e6a2099121b491b131f9bd,******4769
B1862,AI089,P1764,2025-10-05 11:37:36.952,PENDING,0ba639f080c17c05c618e5dff5b7ec481deb94860b1c5d9bcd4fd319fb6edaa6,******4480
B1863,UK019,P1221,2026-02-12 11:37:36.952,CONFIRMED,2c8b1e3f7745d80a59e09e896ec39f63a1452f2e803e1b07b82ea68ccd3f5f69,******8235
B1864,UK078,P1382,2025-09-27 11:37:36.952,CANCELLED,9a98890c43ab6d738ba30badad60d43096ad8b32afeb38e1ee6902b5352d6937,******9220
B1865,SJ009,P1880,2025-07-28 11:37:36.952,CANCELLED,a20234a1879c3ba2a996acbfbe358ab884213bb023dcf78a63076012dc87e306,******2016
B1866,UK178,P1591,2026-01-28 11:37:36.952,CONFIRMED,ee7a801ac64c206dabd8579ff009fe2a9e990d3c698b16569372474fe2984461,******2871
B1867,UK018,P1006,2025-11-23 11:37:36.952,CONFIRMED,e1185cbe1d9a066e6c2e0b935e9ceed0f6bd08569ce6001414a074215e8ededf,******4928
B1868,SJ059,P1271,2026-04-10 11:37:36.952,CANCELLED,5c8f3466e8ea9194db8744fbccacfa8711c17d627bcd9723497fc7864ae74401,******9805
B1869,UK108,P1738,2026-02-04 11:37:36.952,CONFIRMED,bda456f6e93a598740fb7b630dc7636793ac21f202d3dbd2287b936b351b0852,******0712
B1870,6F045,P1015,2025-04-25 11:37:36.952,CANCELLED,6e6bfc99c9c06272fd6378ecc1b4af1e8ab8b57a5524bb6248ecaf46876a77dc,******6506
B1871,AI144,P1423,2025-10-04 11:37:36.952,CANCELLED,8f2d93a86434f0def24ea2a06c76636e0bbc41de6fe1a88c2143d7afa22f93b7,******4791
B1872,AI244,P1523,2025-07-09 11:37:36.952,PENDING,ac7314a3b694827e2f648d18570799cba02ddfc3700b602fee0bb90411f10e97,******6502
B1873,6F265,P1802,2025-04-25 11:37:36.952,CONFIRMED,78407459f2eae92cf3544db8bd6c6fc917fcebcd234c1e9099c8f17516842dce,******8875
B1874,6F108,P1752,2026-01-26 11:37:36.952,CONFIRMED,33264ded1e73cec888d060fb2951bf3209a08f1826cf0059a2f1756eaaea7233,******6358
B1875,6F069,P1020,2025-06-17 11:37:36.952,PENDING,7f34b31b8a74481bf12da0beaccb126ddb2985bb71709ab94dabb4c0851618e2,******7200
B1876,6F072,P1689,2025-06-14 11:37:36.952,CANCELLED,d46918b121864fe1d6475b1b7b41c0a5e2870bd2bce4258cc20fc79b41377638,******2552
B1877,6F096,P1938,2025-11-09 11:37:36.952,CONFIRMED,bf9a2e549016485b25ef1f546187d1350218216a92cda5d73d26c5a64cf5f96c,******7284
B1878,SJ233,P1227,2025-12-31 11:37:36.952,PENDING,3a0d7f7bf9b7fd49d1254c7ffa7a8ca8285af77e35f123cb3d4eeb1090ef8d1d,******8597
B1879,AI203,P1784,2025-12-03 11:37:36.952,PENDING,e336afc8c867ecf662d9676b57a53700875ecb00670b7236efe2204a46de346f,******1228
B1880,UK147,P1287,2026-03-08 11:37:36.952,CONFIRMED,f733bf22e57fdd068c0819c6abfbab3538c9b83e40e0486990711f0b25e064ac,******1556
B1881,UK039,P1808,2025-08-26 11:37:36.952,PENDING,d531397d9fe9a36a3cb9b9d3b56ce64abd6bc0151dc94f7cbfce2d5cb559eaca,******6710
B1882,6F216,P1133,2025-10-17 11:37:36.952,CANCELLED,f0c17e6da411e7eb81e177e067248b7817ce7303bf6eb2839dbb16ac1b4408b7,******0189
B1883,AI214,P1983,2025-11-17 11:37:36.952,PENDING,dc092e5edf81fcf5f21a9a13af148522047904a8516e244bb95fc8fb11d688a5,******7289
B1884,UK025,P1282,2025-08-31 11:37:36.952,CANCELLED,973ea6687da71a9d2244d1d762f7f5262e8ebd380c5d7b7fa9b0a1475985318c,******0744
B1885,UK053,P1403,2025-08-10 11:37:36.952,CANCELLED,66ecf7c3c34fc56dd0fe5a6681798f2b7c24150761ceeb25c37cbb3e8c507703,******1436
B1886,6F130,P1664,2026-02-12 11:37:36.952,CANCELLED,28348146ccf5c99964be8b53234eedf2a7b16fae16ccaf708bf98135a2a8fe99,******8489
B1887,6F247,P1065,2026-03-09 11:37:36.952,PENDING,a54ee7925788a1c30e4925ef22e3b1a9f84e4aea85f4a997369f215b8b039489,******5663
B1888,6F159,P1648,2025-12-25 11:37:36.952,CANCELLED,e554f9bfa63b49d1f535b40af1abc4290d353ccb3315e69c4875a4f99a127f9f,******2120
B1889,UK086,P1603,2026-02-24 11:37:36.952,CANCELLED,f06a372de876e39ea3164ce26084361443445fad66167e692936e7eb07f85257,******6194
B1890,6F102,P1436,2025-08-30 11:37:36.952,PENDING,e2d2253611ec2328f01eac75c8b5d4af8584da56e137d35a89c4e74b2d3c5dd4,******2127
B1891,UK186,P1828,2026-01-26 11:37:36.952,CANCELLED,97bdea92636d5c1aeb0b23123b3f173b513dab40a934994e337246684fa47581,******5420
B1892,6F032,P1933,2025-08-24 11:37:36.952,PENDING,c80b48758f08213c9f7b9be3bd957fe1d5eca34bbeb6e8bfe5bd2e584176408e,******0094
B1893,6F186,P1258,2025-08-02 11:37:36.952,CONFIRMED,dce988fc36c97786f0fc3b069228618eb2420b0965db97906f37ac93fc1a3dba,******1916
B1894,6F106,P1979,2026-02-24 11:37:36.952,CANCELLED,89f338cd7fc52c23e84a27fddf1c233389587c06e516f993a6033154c72ae091,******0425
B1895,AI021,P1965,2025-10-05 11:37:36.952,CANCELLED,3b5d797dc6c17d09db569f2242a00fca8e5d34b25e335a1665f323fbb328caa8,******7042
B1896,AI157,P1102,2025-11-30 11:37:36.952,PENDING,57f1fcd062d63a5d12f7874f05ea90ad23813c191d2f2ab614e51557cf02a60e,******5052
B1897,6F054,P1992,2025-11-01 11:37:36.952,PENDING,59a836c80d8c90a4cd29c0d93202e9a7d6c187043c01b566cfba8a85edddf695,******5523
B1898,AI187,P1566,2025-10-03 11:37:36.952,PENDING,f7d1380547c9d577e69eb8a7d1edb50d6973bcaa4535ae98f18e802b0a151d9e,******2963
B1899,SJ124,P1768,2025-09-28 11:37:36.952,PENDING,e36862a918bfca92278dcc483d3665d714088f018b189fe916893724eafd1d98,******8844
B1900,SJ223,P1100,2025-10-06 11:37:36.952,CANCELLED,5bad9f4cf190e7d61a742438f82d2b7759f8584caed15c7103d75ab6b32b6d3b,******4878
B1901,UK103,P1197,2025-04-25 11:37:36.952,CONFIRMED,d4225f77ec76d7c60efce2e0eb6d461d37d327536a519919395faef3dd2ce074,******8079
B1902,SJ157,P1812,2026-02-08 11:37:36.952,CONFIRMED,1decbd29cfbe2544f50a6070121d96dbb55f881b2b4b7a1e9bcc8aae2f08bb11,******7410
B1903,6F242,P1225,2025-11-06 11:37:36.952,CONFIRMED,36d8ef2746e29dab52bf55c36173580d8bb10664e96e98729b3649b8c1401126,******1530
B1904,UK213,P1942,2025-07-01 11:37:36.952,CONFIRMED,40b1d023f363963c390ef67140adc12ce53e5038567bd953a8ab5aa1610625cc,******6866
B1905,SJ120,P1462,2026-02-13 11:37:36.952,PENDING,207c5dfb1d81736ef00dc4bc3e321bd8cc7a54a516bf30ea11db2c1b13cc3235,******2608
B1906,AI035,P1236,2025-08-11 11:37:36.952,CANCELLED,8737dfca2fe6c8d5a5d070b0a16e7e86fd385774e03ba79d603cebed3cfe3b8f,******7385
B1907,6F147,P1025,2026-01-14 11:37:36.952,CANCELLED,4b432f17b1d3823095a26a8f2d2aa31fa1084c6f25ef951eadedcddbb286a7c5,******9236
B1908,SJ229,P1120,2025-08-09 11:37:36.952,CANCELLED,8dcf010d1dd8b21d6807588366a216a71d2be91bb625a3b81bae0b6011c150dd,******6686
B1909,AI230,P1909,2025-11-14 11:37:36.952,PENDING,4f16c5f08f75eb483866cb2bb9554d0d45b2fc50a558250cdf1217aeebb73980,******4025
B1910,UK162,P1505,2025-06-10 11:37:36.952,CANCELLED,3c1e2f0fc3d3e5c3dacc196badc9c7b3a59e66dcd2bc7af43c6dc0f11dcdb80e,******1612
B1911,AI066,P1181,2025-05-29 11:37:36.952,PENDING,e266325a3fbbbd69e3f36ec300857d03a5aca171ff36982a0028309f98f2788c,******0684
B1912,6F205,P1710,2025-09-09 11:37:36.952,CANCELLED,e151b2ebbb00d413ee6ee08609ac2cff3665f869a439a2b7e9be7805b107418e,******3156
B1913,AI124,P1813,2025-05-24 11:37:36.952,CONFIRMED,d2182e3232c2e2891fa851f071796fe3105f6c1cf1d8adbba3e2cc8ccea9b05a,******1954
B1914,UK114,P1766,2025-10-19 11:37:36.952,PENDING,3d35368ba6389c44a4a75c2c68c31bd8a1254c57801c25da8ff9f6ad80ebf0e1,******5246
B1915,AI231,P1633,2025-06-03 11:37:36.952,CANCELLED,f2f8ab60b89747c0245612f970c2f3bd61aad47358a87c15e55de1e2b1374e03,******9217
B1916,AI113,P1542,2025-10-30 11:37:36.952,CONFIRMED,b0838bc2349b3e1a6d3e5dd073f856532d8e78d60305e3249583345d849c063f,******5266
B1917,UK180,P1983,2025-08-03 11:37:36.952,CANCELLED,c629fc15abbd896a201732100ec4f57944be5dad6346603193edbab631c4fd24,******6057
B1918,UK180,P1314,2025-10-07 11:37:36.952,CONFIRMED,1356acc909e9194b24a9ae3ae464cb0fca1de55de2ad5dea0cc412668b7df4ff,******0050
B1919,6F080,P1990,2026-03-17 11:37:36.952,PENDING,51188cf53682052244474353c096fe5b409c265b60eacc1279844f05e3348c5d,******2300
B1920,SJ095,P1796,2025-05-11 11:37:36.952,PENDING,b311ced7623ee79c2a4e036eb15cc0bf555cfb3d2f163f66953cc75dc45d0eab,******8435
B1921,SJ115,P1617,2025-04-24 11:37:36.952,CANCELLED,cf13262d5ae355fb8981183d0ef1732d0825789eb6fa858ebec60952fb423a85,******9707
B1922,AI142,P1735,2025-05-14 11:37:36.952,CONFIRMED,3c6b7e635f83b45f68ba0019fb418c4ad02f7b0efdbb6b804585487ae0ce13a9,******3869
B1923,UK169,P1272,2025-11-28 11:37:36.952,CANCELLED,60d169d9b1d515c0f31f465ed1088df92b75a7bf6921c1521441da53ae726911,******2115
B1924,SJ041,P1909,2025-05-04 11:37:36.952,CANCELLED,3a228e031196fcb39cb52e835eddb41133243e3b6bdc65e246d1e4548a5239ae,******2973
B1925,UK171,P1231,2025-04-20 11:37:36.952,CONFIRMED,0fe0322e7f3fd942550f8341d2ba9976a5c5ae35a0fb9a4908c9fc3c579959ef,******0232
B1926,AI081,P1419,2025-11-27 11:37:36.952,CANCELLED,57d4b60c1075ce04830307f52aae8dc06b431592def85c0e5c4fb5aceee1b0df,******7004
B1927,AI162,P1767,2026-01-28 11:37:36.952,PENDING,360e4cde1c73981c5818cbc44417f8afe02bf02caa6966e923d05fc56b5e6dc2,******2307
B1928,SJ037,P1441,2026-01-23 11:37:36.952,CANCELLED,22f7d67dfc129df114e0893d8be0fcdef54bd94b26e740813a164268ebf442d2,******6146
B1929,SJ037,P1495,2025-11-05 11:37:36.952,CONFIRMED,82a0755f38b853c2a0397820c2e8e748a7d3f2f4882608f0301399c324e332ba,******0448
B1930,UK080,P1023,2025-12-16 11:37:36.952,PENDING,479132795205a60d545ffbdc684e584123876f960e7c001323b37469ba2ab302,******3639
B1931,SJ031,P1108,2025-09-26 11:37:36.952,PENDING,fb70900ab05e0264026042946bb44015c906573fe233d642dd9263a3376e828f,******9946
B1932,AI199,P1702,2025-12-28 11:37:36.952,CANCELLED,20177912a4b87913a816fe5073ba60299df6e4c88101a4ddc0bb0de952ba2b34,******4441
B1933,6F082,P1501,2025-05-28 11:37:36.952,CANCELLED,538d1b80eb257af055ca01e5b46a62f3065761c986fa6fa9853b620a678bab93,******3805
B1934,UK217,P1858,2026-04-12 11:37:36.952,PENDING,fe8da665f70f1cf9e63c874cc6e4c177314b86bc53dd6b27754acd07ca7396ef,******5807
B1935,UK014,P1024,2026-04-13 11:37:36.952,CANCELLED,2437d254afcc829e485d3158d3c46b5865f42df49396e241c7f2657bdb007a36,******3421
B1936,SJ180,P1186,2026-01-11 11:37:36.952,CONFIRMED,055ef86c67a7545e5462821ea3fff7b2215b0e94ea6df58822177a8874f44981,******0382
B1937,6F268,P1287,2026-02-19 11:37:36.952,CANCELLED,e86a0d4b95087ef9ff2c55adc58db9195fdba5b20d0684ad4e3f105b9b52c7a0,******5218
B1938,UK205,P1627,2026-04-07 11:37:36.952,CANCELLED,1b76c24e008d12dec15f623e1ae8908c59cc28d3a846a6c78f1054d0c32e0a3c,******4643
B1939,SJ212,P1337,2025-07-22 11:37:36.952,PENDING,a1ceb7db9a8f4d37f2d0d06d9889b758b552af377527083d00ab64704af34f03,******9435
B1940,UK052,P1877,2025-06-25 11:37:36.952,CANCELLED,3dfe21b4717b273160e2ed0a859525fc0e946e3141f3a469c31f238336fcb019,******1855
B1941,UK230,P1913,2025-06-13 11:37:36.952,CANCELLED,297150fdc26a5809499a6f8f3a566b54890a441ab45ce52f760a066f8705419c,******5442
B1942,AI145,P1036,2025-07-18 11:37:36.952,CANCELLED,52c23117d0b6483f68891ad16809fa2425d6600c4b1402b23fedc2f0899bf746,******6625
B1943,SJ035,P1793,2026-03-13 11:37:36.952,CONFIRMED,2afc19eb30e33dfbb415b9d2d13e46bd169b1d437a59d2047d8c6e563a493a0f,******2940
B1944,SJ184,P1136,2025-07-20 11:37:36.952,CANCELLED,0503ddbdc7954fc90f237dcceeba2e2b11793f11b81532dc71c758c2614a7dea,******9984
B1945,6F207,P1507,2025-11-03 11:37:36.952,CONFIRMED,102be45dae9fa99573c9335ff2c5cd17f08f9889d522936e5f3a8708bd50a244,******8592
B1946,UK144,P1226,2026-03-30 11:37:36.952,CONFIRMED,9831fdc174faf57f891613747c613ee153595ff24600447cd1f4b5d255464891,******6602
B1947,AI126,P1319,2025-10-22 11:37:36.952,CONFIRMED,8f8a317db0cdc0d183958349917aa7a953ad8073e8544e900adbc68edbbc728e,******1615
B1948,SJ145,P1839,2025-05-19 11:37:36.952,CONFIRMED,89e8c4f2714c9d00fcd15d35f409a7e3bc050a0d2fb9deda448778b8d1e26184,******4234
B1949,6F040,P1915,2025-05-16 11:37:36.952,PENDING,78da5f3f104150a22d1bc3fe0248e0b2382e6718a94c4937455d5cbe59090c77,******7188
B1950,UK049,P1181,2025-06-15 11:37:36.952,CONFIRMED,59abd1abe2875e045d6c7c4caa930e3b3779acc9c8316b6a09b529c9b932ad71,******9225
B1951,UK049,P1873,2026-03-18 11:37:36.952,CANCELLED,220ac90c194efac7748272fa109833ad402eb36862d397ca84dbf76c15b013c0,******9796
B1952,AI087,P1085,2025-10-18 11:37:36.952,CONFIRMED,dfcf5f4a11d157bbb3b62d5016c7150f7183911f83415b09c63851486f3e6da1,******4789
B1953,AI152,P1466,2025-05-24 11:37:36.952,CANCELLED,542539dfa11714e5af4aa490fe1d918aa53daa48f15c7ece5f0dc6d82662071d,******2480
B1954,SJ240,P1925,2025-11-06 11:37:36.952,CONFIRMED,d9121ffdc34b6a37be6babbd0e2f6f7e81dc926db1893f9715d0cb257289bab8,******2001
B1955,AI212,P1052,2025-09-14 11:37:36.952,PENDING,ba06ccf0d09d344f244d9cc3d1104fcab10049db08b06503c5a90229db961afa,******5387
B1956,AI064,P1859,2025-09-21 11:37:36.952,CONFIRMED,7ef6d89813183832c02dc38467cd2b12346bb6bf2645281386a08371ab166baa,******9169
B1957,6F093,P1866,2025-06-07 11:37:36.952,CONFIRMED,67ccf72774c4e47ab2d137cc961ce17c7321ad79a1d7eb34f9d0bee3141bf931,******7600
B1958,AI118,P1234,2025-04-28 11:37:36.952,PENDING,6d2015fd32402b94b1285f6623bc22112c9f504da35f26aa3fe78a26044b5dd6,******6511
B1959,AI172,P1958,2025-12-19 11:37:36.952,CONFIRMED,9b80358e64c8add365e8d0e3b93250692c5b687a8c0379655ed2dfd92cbfed15,******7933
B1960,6F183,P1778,2026-01-30 11:37:36.952,CANCELLED,5c1d55a69680fffc5b600082e20954092f0c60dc3aae79fa3cc160f6a1b90715,******8946
B1961,6F200,P1798,2025-07-15 11:37:36.952,CONFIRMED,f24fcefc260522e9ee464d689ebe30483ef692ed9836c24777900b2f90ab4161,******4518
B1962,SJ077,P1432,2025-12-23 11:37:36.952,CONFIRMED,273f61215919d166819d198d03f6ff8d2b72dbb29d86fd77913845441e03ba3b,******9246
B1963,UK030,P1495,2026-02-24 11:37:36.952,CONFIRMED,e534e29c631809787204cfdab72a4740a7ecf0c3824e73da6331d104a272b6b9,******8001
B1964,SJ232,P1998,2025-05-21 11:37:36.952,PENDING,4c216ec64082c9f91467f4702a713013feb8a793be3063275556efca824871ae,******2887
B1965,6F090,P1099,2026-01-29 11:37:36.952,CONFIRMED,e88c91c4ce8e371f6a954d60d8aed9e90ca37ec0e8704bc718dff7a95ffa4015,******9379
B1966,UK002,P1989,2025-11-06 11:37:36.952,CONFIRMED,bd4984f9dc2c410aa5528163f84e75be39617c53ea3953dd61d812c13de557fa,******0512
B1967,AI154,P1598,2025-07-03 11:37:36.952,CANCELLED,30e4570111fa8ea9c78a76ed0c2cfc08f70a0c771c2f837e8a7df90eec7b03b3,******3141
B1968,6F089,P1402,2025-10-11 11:37:36.952,CONFIRMED,cf181aa9ccdcae847f6d5cecb47a70ef7c6d298fe45471153ac4f10999114809,******4142
B1969,6F218,P1395,2026-04-08 11:37:36.952,CONFIRMED,93bc7d27d08ae6c357739bfc29a9d85d9147669fba02662b238d22745ce20955,******5719
B1970,6F241,P1526,2025-11-26 11:37:36.952,CONFIRMED,62b0624b65cd64bf38a52d3f015128be7b43372cb27523d3587a216a4fb50c32,******5066
B1971,6F116,P1414,2025-08-20 11:37:36.952,CONFIRMED,eb79ca72c0e56dec5149270e6e033d6bde3036441ca3dfe82197f6514a1f15a6,******9642
B1972,UK199,P1938,2025-04-18 11:37:36.952,CANCELLED,173b7db0219f7e81207ad13b1e3dbc780550f6390e8ddfa9a5c0ada56bc2107a,******8516
B1973,SJ033,P1612,2025-04-28 11:37:36.952,CANCELLED,2a46c5fa309a225ff26b5a2b4e4eda47b54b24c79bd4b1484d521bfd1c9198fd,******3057
B1974,AI210,P1676,2025-08-03 11:37:36.952,PENDING,8df86f378cb27b0171891d4137d22d26ef61eaf24600a76401de73ec7b39781b,******3035
B1975,UK148,P1462,2025-08-26 11:37:36.952,UNKNOWN,5f50e40ff96a0fd0a636d2db27f2d2cc82fa84a62c3dc46b57874414eec4a583,******9630
B1976,AI229,P1540,2025-08-27 11:37:36.952,PENDING,2c9c3a92cbf98579435772a078d4eea34c49abac973561b5b22c2c6467a66a18,******3619
B1977,UK005,P1625,2026-01-01 11:37:36.952,PENDING,c1c31fa9ed3bb84e838e0cc4bb1c6a2da220679fb5cfdcedf76bf8ec715619f3,******4286
B1978,SJ080,P1618,2025-12-07 11:37:36.952,CONFIRMED,6990aa0ac8d60e401e153aa10b2017477140d0821b249853702bc75efbfa439b,******7464
B1979,SJ092,P1921,2025-12-02 11:37:36.952,CANCELLED,167f29c93a0c680ec95df9a925d32a0a37663f3ff225870ae27cba11511986b4,******0698
B1980,SJ055,P1363,2025-12-04 11:37:36.952,CANCELLED,642656fead84ca6ed76c1963158cb9872391b055d5578882712e69113f235f4b,******7348
B1981,AI239,P1129,2025-05-17 11:37:36.952,CONFIRMED,194c1ff334ec6b7cdddbff3b3f5e8b7bf899e22f894224f4730c2d821a45ef05,******2612
B1982,6F162,P1083,2025-06-17 11:37:36.952,UNKNOWN,da2d4df4666b2a20176e78cb5e867d4681bfa112ee2ee47f0dfe2a03920172f2,******6975
B1983,UK101,P1270,2025-06-28 11:37:36.952,UNKNOWN,b1ec26b79390538bd526ce8ab693f396ff548005ddfb2ab244e9911159061ec2,******7066
B1984,6F198,P1243,2025-04-25 11:37:36.952,CONFIRMED,9addb84ab4e74bf110979f242e8804f7c2370f56c1d74c6697b434d4b5a74cf8,******7129
B1985,6F239,P1387,2025-09-28 11:37:36.952,CONFIRMED,b7bca1f547c035740cf2f1e80020451db493ac3d749b5f198c5c32671bd00012,******3192
B1986,SJ177,P1213,2025-10-07 11:37:36.952,CONFIRMED,eccdbbde392ac5992d9c9a587ee50fd4fe6d1e44c57c014af81201cde61aae9c,******2114
B1987,6F044,P1817,2026-03-12 11:37:36.952,CANCELLED,3a75e0b82eaab0a0f596cb2e77fe808887c6bfdca89fcd72da07dcd6e005c25c,******0463
B1988,6F248,P1165,2026-02-17 11:37:36.952,PENDING,b2abdbadf4cb0ea2601978a4524286c2632d23120e4c492bbfde5e4323cf61c3,******0464
B1989,6F002,P1790,2025-12-10 11:37:36.952,UNKNOWN,bf47153d90dacf5f3154de862799c2e9eef96c24c26cbaf4f75ce8e21eb46c3e,******6840
B1990,SJ197,P1058,2026-03-31 11:37:36.952,CONFIRMED,2fb692e2db98726674fec92f835426b7a11d4d753f34f5e6df1e2d7b2141aab6,******8281
B1991,UK091,P1601,2026-01-14 11:37:36.952,CANCELLED,4aa73e23192d35b7f2e0d05b7651956098eb0fcf636a3d9a8d77893fa25e22d0,******0428
B1992,6F215,P1882,2025-04-25 11:37:36.952,CONFIRMED,3bd00e59fdc2d052fb3bb47cf3af3d3f73814b0eafde9a02e2aae99237f2ab07,******2908
B1993,AI093,P1842,2026-03-11 11:37:36.952,CANCELLED,183ca99088a1487cfafc0cecde8b36dd324aa249957f90f65129687c37834f20,******9255
B1994,UK090,P1923,2026-03-31 11:37:36.952,CONFIRMED,a173e965992f81ff13474086fab1e5d3f8e04eafbc0672557d0f76c631490280,******0874
B1995,SJ005,P1503,2025-11-20 11:37:36.952,CANCELLED,5025eb66e890523a21dedac55104398ab026181500ed376c5fb84c48276cff05,******8644
B1996,UK106,P1705,2025-08-08 11:37:36.952,CANCELLED,65c0e8317e379a5227bd3e56f893e0f9443e6024e59ae36fcb4ead0d62cd4aee,******9827
B1997,6F223,P1122,2025-05-03 11:37:36.952,PENDING,9c2be330bc8f2b18931a79bc103805548df4750881e5afb01e428e0d94814344,******6636
B1998,6F011,P1647,2025-10-23 11:37:36.952,CONFIRMED,f260e8c9632372f928de90c846fca8dd3fcb42bca9915456d4041841dea211ab,******5033
B1999,UK124,P1412,2025-08-08 11:37:36.952,CANCELLED,ae872528e8dc647fe29a6b39d3a2d91f0bb60465c05da5a65a18bab5ad01e142,******2188
